Customer_ID,Account_Number,Date_of_Birth,Email_Address,Credit_Scores
1241,3968562206,1982-08-15,scott60@example.org,695.0
1158,4855068864,1965-03-22,jackjohnson@example.org,653.0
1377,3051457819,1970-09-07,sherry79@example.com,752.0
7736,6536737005,1959-12-03,gonzalezjessica@example.net,750.0
9539,3976994777,1995-07-04,brooksashley@example.org,718.0
4054,7271015336,1965-12-05,sanchezsusan@example.net,649.0
9599,7939574876,1982-10-23,wardcameron@example.net,748.0
6076,3700247687,1998-12-23,,782.0
2272,7661663462,1978-09-13,,653.0
8273,5428360554,,johnsonjulie@example.com,664.0
5709,9769116852,1963-04-03,chad63@example.com,677.0
2513,8082747190,1961-08-20,zrodriguez@example.net,696.0
1260,3608536257,1957-06-09,uayers@example.com,735.0
9526,2232222009,1957-04-01,mcdonaldjennifer@example.org,754.0
6231,7826270237,,pwest@example.net,656.0
3780,6614294451,1974-11-11,william64@example.org,
8349,5143405196,1982-04-23,ephillips@example.com,774.0
4225,3753846624,1988-02-26,adeleon@example.org,786.0
3064,7769588050,2004-09-19,starkjessica@example.com,726.0
9776,9347805823,1997-11-13,dsmith@example.com,
4310,6750052323,1976-09-03,,658.0
2979,4721824708,1985-09-24,cwatts@example.com,714.0
6821,2786353697,1987-06-25,swall@example.com,722.0
9948,7343100624,2000-12-17,gkim@example.org,
4926,1827001993,1986-02-28,martha14@example.net,714.0
3205,8464372429,2004-11-10,hardybridget@example.org,756.0
4545,3139231917,1984-02-27,martin75@example.org,799.0
5260,2083472025,1974-07-04,,531.0
6646,9959091856,1985-09-20,echan@example.org,721.0
3021,7960435744,1986-01-19,katherine74@example.net,714.0
8413,6944950276,2005-12-28,andrew02@example.net,709.0
9712,3068105589,1996-09-20,norrisdarren@example.org,
5339,4083153948,2005-11-17,nathansnyder@example.org,
6940,6847040450,1984-01-18,keith74@example.net,742.0
9642,2898479992,2000-08-08,johnsonmark@example.net,639.0
7985,7359820121,1964-04-13,edward30@example.com,772.0
8686,5760915740,1979-11-15,,705.0
1664,9688207965,1992-10-05,,758.0
3493,2787199043,1983-06-01,,770.0
8364,5043028261,1984-01-03,troy38@example.com,
8961,8911106747,1996-04-06,phillipfarrell@example.com,727.0
5289,9272466764,1960-09-20,,690.0
8935,1255053209,1953-02-16,davidreynolds@example.com,
5764,4445594571,2000-08-23,ataylor@example.net,685.0
7509,7526563121,1970-03-18,wilsonelizabeth@example.com,722.0
9516,4805557960,,ualvarez@example.org,791.0
1219,7244773732,1978-09-14,watsonashley@example.net,703.0
3964,6218823315,1988-02-13,rachelmahoney@example.net,631.0
2690,1186798450,,mwilson@example.org,764.0
1678,1559343035,1968-08-20,john16@example.com,656.0
4253,1756073689,1964-03-19,michael68@example.com,696.0
9598,1462355601,1989-04-21,scottfisher@example.org,800.0
6575,3020562830,1960-02-18,samantha83@example.com,706.0
8243,6561896740,1964-12-21,escobarkyle@example.net,620.0
9746,1363354222,1974-09-27,ronald64@example.net,649.0
2583,4273714604,1972-08-20,williamskyle@example.com,657.0
3128,1891741052,1991-12-18,christopher68@example.com,712.0
8831,9902840095,1978-04-21,mstewart@example.org,746.0
5463,6423083512,2005-06-21,bradley52@example.org,743.0
7878,9259763322,2001-12-14,emily93@example.com,
4413,6285507865,1988-12-02,tranjacob@example.net,704.0
9275,2561586877,1970-03-27,ylevy@example.net,629.0
5344,7040729672,1962-10-25,,761.0
6196,2217872084,1978-05-12,brian47@example.org,820.0
2230,5728452121,1974-09-11,uscott@example.com,750.0
9501,8150313079,1968-02-24,larry34@example.net,638.0
2854,3538230822,1988-11-21,kherrera@example.com,680.0
1581,3843412796,1971-03-21,collinscurtis@example.net,
5142,3514396916,1986-12-11,jacquelinejohnson@example.net,679.0
9438,8694769865,1972-06-23,,671.0
1727,6507074633,1976-05-01,mfox@example.org,676.0
1280,7171076075,1980-06-18,sdecker@example.org,686.0
2260,7294071107,1969-01-18,davidjohnson@example.net,662.0
7670,2985987268,1979-04-12,,797.0
4732,9611043050,1961-07-21,zlloyd@example.org,733.0
2065,9349857211,1985-01-09,megan94@example.net,
8895,3233940897,1955-09-27,kristi04@example.net,710.0
4333,3059633050,1968-03-27,msanchez@example.net,659.0
3127,8981981078,2000-04-03,frank71@example.org,
9385,2973739745,,mcdanieljohn@example.org,643.0
4831,5187014094,1961-12-11,nmurray@example.org,
5828,5343043606,,theresahill@example.org,758.0
8595,7885762956,2005-12-13,alexandernewman@example.com,662.0
8416,6412684555,1963-04-13,,683.0
4474,6682392445,2000-11-26,hessbrian@example.org,695.0
1154,8838608739,1999-03-04,aaron45@example.org,627.0
2382,3776679857,1965-11-24,theresa69@example.org,668.0
4723,3303764940,1965-07-01,martinezmelanie@example.com,689.0
6159,9041412622,1962-11-12,morgan89@example.org,816.0
9715,5518469006,1983-12-09,,688.0
7415,5788793497,1976-06-25,ksantana@example.net,599.0
8560,9808850063,2002-12-07,jerryjones@example.com,715.0
9600,3493255580,1997-04-20,amber92@example.net,602.0
7076,6190993310,1966-03-02,anthonyrandall@example.com,673.0
5186,3459698643,1955-11-18,efoster@example.org,656.0
3719,6918888441,1976-02-14,mhammond@example.org,719.0
8999,1071625224,1981-05-11,beasleyjessica@example.com,
6168,4664204358,1987-05-13,karen63@example.org,728.0
5279,1443298436,1980-10-13,latoya66@example.com,680.0
1243,2075918128,1990-07-08,alexander51@example.com,694.0
5976,1038649066,1990-04-22,vhines@example.com,701.0
1713,3358865425,1988-09-20,masonjenny@example.org,655.0
1476,2182374741,,wendy56@example.com,670.0
2213,7153517378,2003-02-15,alexisevans@example.com,
1297,8910991289,1997-04-17,lynnswanson@example.com,650.0
1653,4538139860,1961-02-13,ihorton@example.org,662.0
6652,3849330876,1986-05-08,martinezanthony@example.com,700.0
7778,1103477720,1999-05-01,,644.0
6909,2490993001,1993-11-21,rebekah44@example.net,660.0
2638,2147416713,1981-07-28,glogan@example.net,720.0
1465,4821847659,1957-01-11,janetramos@example.org,669.0
1958,2942182403,,nhansen@example.org,713.0
7037,9783444015,1979-06-07,,761.0
7481,9895843522,1986-10-20,lincurtis@example.com,701.0
9226,3650000817,1981-12-11,weeksadam@example.com,
5230,8313818149,1967-08-25,pcamacho@example.net,733.0
7218,7368447114,1966-10-28,michael03@example.net,762.0
1894,2756475241,1983-08-17,shannon86@example.net,684.0
7196,3191729585,1993-02-19,egriffin@example.org,644.0
1872,1038456558,1962-11-28,aperez@example.org,655.0
6255,3413638665,1979-06-02,ijohnson@example.net,694.0
7775,1404159867,,gina27@example.com,672.0
5310,5466833555,1968-03-17,vrichards@example.org,706.0
7454,2263310307,1996-05-12,hawkinsbobby@example.org,
3789,9941296891,,ucoleman@example.net,673.0
3101,5121285331,,brianmoore@example.org,645.0
4738,8638274252,1993-02-22,imcdaniel@example.net,736.0
4728,8426195045,1986-07-16,kaitlin44@example.org,621.0
5295,8928689766,1973-07-18,kimberly68@example.org,672.0
3148,9546848557,1986-04-16,timothy99@example.org,709.0
5243,6091778838,,crichardson@example.org,676.0
3823,5102898885,1996-02-03,proctorwendy@example.org,736.0
1752,5293495764,1986-12-23,stacy97@example.org,616.0
2233,8509220534,1975-11-23,stevenbrown@example.org,697.0
9176,5872060854,,thomaskathryn@example.com,620.0
3533,8421321860,2004-08-05,,654.0
7851,3975872312,1984-11-13,mgraham@example.com,726.0
1064,7953292202,1992-04-18,micheletucker@example.org,633.0
4921,9486000856,1958-08-23,aliciarobbins@example.org,725.0
7160,1634694300,1999-01-05,psmith@example.net,699.0
8437,2134414560,1982-11-27,dhubbard@example.org,667.0
1169,9866791601,1971-06-20,jeffreyescobar@example.com,
6926,8953796059,2004-09-06,vernon58@example.org,621.0
1113,9445821676,1988-09-03,jlee@example.com,732.0
1692,2821727312,1987-09-07,mjones@example.net,554.0
1833,3622131568,1968-01-20,shannonrowland@example.net,622.0
7431,2541596942,2004-07-27,thomasbradley@example.com,621.0
8695,3015190964,1965-10-25,veronicakerr@example.org,619.0
4117,5391594744,1986-11-22,qthompson@example.net,752.0
9616,3823134998,1963-08-16,hicksbradley@example.net,740.0
4040,3521730550,1994-11-03,murphymanuel@example.net,747.0
5935,7554003287,1970-07-20,reyesamy@example.com,729.0
1996,9781786943,1996-02-21,qsexton@example.com,789.0
2770,5688681117,1954-08-16,palvarez@example.com,690.0
3457,2812468117,1972-08-05,todd81@example.com,680.0
5003,1230380351,1998-01-13,mdavis@example.org,
3293,3559346935,1999-06-14,igonzalez@example.net,660.0
4172,5134735149,,ejohnson@example.org,759.0
2132,4895548465,1969-09-16,,699.0
8630,9152845289,1977-06-16,cking@example.org,630.0
9791,1394295246,1999-07-21,crystal00@example.org,
7710,6988787981,1963-05-26,nicholasmedina@example.com,
7521,9881000455,1955-07-02,jasonwhitney@example.net,
3990,8091002027,1970-10-20,murphyjanet@example.com,656.0
7264,6564481988,1997-12-27,roy31@example.org,
9657,9770001687,,dmason@example.org,666.0
2104,3266045364,1980-01-25,wandaporter@example.com,680.0
7363,1492326961,1989-01-02,arnoldjoshua@example.org,730.0
9092,7260275628,1988-02-16,nicoleboyd@example.com,
7830,5677486187,1990-04-01,parksdavid@example.com,697.0
3302,5059810128,1988-06-11,urivera@example.com,747.0
5160,8525119425,2004-12-07,dorothyknight@example.org,661.0
6740,7452981244,1981-10-25,alicia34@example.net,759.0
2341,8836326785,1983-11-13,michael73@example.net,737.0
2241,6135617167,1955-02-15,hmoss@example.net,751.0
9732,2449040243,1985-06-05,hartheather@example.net,736.0
1190,7885548857,1984-04-04,thompsonemily@example.com,569.0
9448,3641754313,1963-08-17,zrodriguez@example.com,691.0
5998,1145992133,1968-01-11,claudiakramer@example.com,626.0
6999,9272806009,1964-04-14,edwin80@example.org,
9635,9203429578,1973-07-03,,709.0
4072,9491255148,,orodriguez@example.net,678.0
1036,3949207184,1978-04-09,steelekathryn@example.org,725.0
7383,6961701624,1974-04-21,manuel49@example.net,694.0
1654,8692341307,1983-02-16,wchambers@example.com,638.0
7120,4790077029,1973-01-14,geraldjacobson@example.com,727.0
2863,9161695815,1991-06-24,susanwilliams@example.org,589.0
4289,7462997199,2001-09-14,christinamanning@example.net,740.0
3600,9602956440,1958-02-01,ldennis@example.org,679.0
2597,4824914898,1982-07-15,tiffany10@example.net,662.0
8255,4682007012,1967-03-10,bergerdaniel@example.org,742.0
4897,2873359878,1954-03-02,cindywolf@example.net,734.0
7154,9273072117,1985-01-03,,745.0
8533,3689033850,1964-03-27,heather19@example.com,712.0
1601,8266169514,,johnathan08@example.com,687.0
4824,9363626065,2001-03-27,martinmark@example.net,
5516,1851820906,1998-12-12,tracymorgan@example.org,679.0
9584,7434722569,1984-03-01,seanoconnell@example.net,
3628,1665979907,1993-02-22,kelly46@example.net,
6669,3697134420,1979-01-06,wilsonabigail@example.net,644.0
1490,2652929653,,jason92@example.org,726.0
6044,8559455532,1969-04-22,joshua16@example.com,
1914,4823352969,2003-05-11,,738.0
8766,2448175279,1962-01-11,vasquezbreanna@example.org,653.0
8750,4063423991,1999-02-25,rodgersteresa@example.org,722.0
2133,4438237760,1961-03-08,patriciamiles@example.net,777.0
6188,4479384519,1985-07-06,kevinstokes@example.com,678.0
5176,8068575419,,mario96@example.com,640.0
7308,6432946537,1974-12-28,andrewbarnett@example.net,689.0
8572,2718319115,2004-08-26,,799.0
9108,3637597469,2003-02-01,wendy41@example.net,682.0
5951,3858802609,1985-07-07,ibooth@example.org,718.0
6038,1417708656,1954-05-27,hansonvictoria@example.com,690.0
6729,8364251862,1958-06-07,terriboyd@example.org,687.0
7109,9991264902,1967-07-10,,711.0
8216,4820540520,1975-04-12,crystalstephens@example.net,
9496,5341703335,2003-11-24,rgonzalez@example.net,706.0
2968,9391191276,1953-12-06,elee@example.net,772.0
9924,1148062760,1983-08-10,crosskyle@example.org,588.0
7995,6119772611,1986-02-06,robinsoncharlotte@example.net,691.0
9812,8623312604,1971-01-05,zrobinson@example.com,739.0
2792,6043943120,1963-03-17,amanda57@example.org,650.0
9455,2229515620,1962-10-15,nealdawn@example.org,693.0
6358,4888777437,2003-06-27,lisa76@example.com,
2962,1588656545,1971-11-16,carrie58@example.net,716.0
3530,1482279619,1957-06-23,amandawheeler@example.net,662.0
5776,9093740729,1965-03-15,brandonmeyer@example.com,682.0
1798,8785994444,1991-08-24,rshaw@example.net,663.0
2470,3801376433,1998-04-19,joseph03@example.org,
3319,3657758660,1972-04-17,jamesanthony@example.net,661.0
4027,8371767456,1984-12-05,kevin15@example.com,788.0
1928,2239722478,1987-10-12,townsendangela@example.org,738.0
9623,5590066160,1953-11-28,,645.0
7794,9415230632,1960-02-03,tina27@example.net,689.0
8266,3170480735,1983-01-21,shawnsanders@example.com,714.0
1375,4271619618,1984-02-25,michael29@example.org,710.0
6950,7922576163,1994-05-11,robertskylie@example.net,592.0
5804,1938675308,1983-10-14,carrie41@example.net,694.0
4346,5808181303,1972-11-25,joe18@example.net,696.0
7342,7107956250,1972-10-19,weaverkayla@example.com,
5453,3747954701,1977-08-21,coopermitchell@example.net,717.0
8184,6600848864,1999-12-12,patrickholloway@example.com,715.0
5850,3888715080,1983-01-06,geoffrey41@example.org,692.0
3910,7531208375,,nicholasgomez@example.org,689.0
1845,1314786298,1978-07-21,sonyaclements@example.com,744.0
3687,8531006131,2004-11-23,shermanrichard@example.org,
5327,1263187763,1999-09-17,,626.0
8633,2635657633,1978-12-02,eric86@example.net,773.0
2191,6763536837,1980-04-27,xwilliams@example.org,846.0
2823,4289749397,,angelapeters@example.org,802.0
9590,1266212661,1991-06-13,karencummings@example.com,708.0
5026,5013367163,1980-06-21,lutzmichael@example.com,774.0
5094,6579151110,1992-09-05,sherrycalderon@example.net,764.0
9559,5035429678,1979-08-14,melissa93@example.net,678.0
9577,5504819804,1957-08-20,matthewsandoval@example.net,741.0
9196,2783055536,,ramirezjennifer@example.net,643.0
7798,2843757295,1975-10-05,,683.0
2290,3674393624,1997-01-08,faith10@example.net,741.0
2080,2091854832,1962-08-10,sjones@example.org,642.0
2685,9335196848,,vmurphy@example.org,740.0
2405,7269339925,1968-03-02,joseph74@example.org,750.0
6522,9151033595,2002-08-11,glennkyle@example.com,722.0
8448,9669587586,1991-04-15,,708.0
4966,4597785078,,codygibson@example.org,687.0
8464,8712089210,1983-03-26,gwright@example.com,662.0
2452,4960026046,1977-10-16,michael89@example.com,722.0
4200,7482937697,1986-02-12,valenzuelacarlos@example.com,631.0
8745,8241045887,1963-01-15,amanda13@example.org,783.0
6571,4209343527,2004-07-22,ruizstephanie@example.net,634.0
3841,2010652160,1962-05-27,tanyahowell@example.org,711.0
4389,3887160508,1997-11-12,michaelgreene@example.org,774.0
7123,8004498666,2003-02-12,roger97@example.net,789.0
6860,3475351302,1962-10-11,brandi48@example.org,724.0
9214,4935758009,1987-04-11,jacobwilliams@example.net,759.0
8876,5244570675,1984-10-05,,712.0
6796,1725726967,2001-04-17,travis96@example.org,
8124,9125443305,2001-09-17,bettychavez@example.org,686.0
8646,4455666932,1973-11-20,glovercarolyn@example.org,727.0
7016,2587896837,1954-03-25,,603.0
4864,8353138012,1985-01-08,ricky79@example.net,771.0
6095,1036894691,2001-11-04,jasonanderson@example.org,618.0
6208,2068318234,1995-12-17,watsonapril@example.net,661.0
3404,5219437625,1995-01-11,ncole@example.org,754.0
1265,6991811176,,zachary80@example.net,698.0
8134,8769969251,1973-07-11,,817.0
7023,7283711620,1976-06-12,eric77@example.com,710.0
3149,5093678837,1970-11-09,nichole89@example.org,651.0
6852,9749027362,,smithkimberly@example.net,817.0
7112,6794750136,1956-07-14,ltran@example.com,746.0
9745,6104573111,1968-07-25,gabriel57@example.org,738.0
3956,7825885302,,karenparker@example.com,718.0
3239,7266725510,1962-01-23,,715.0
3228,8926244955,1992-06-14,gmata@example.net,759.0
4372,2130931359,1997-09-13,rhodeskendra@example.net,687.0
7159,4512270229,1996-01-28,sruiz@example.net,755.0
7411,2356577174,1966-11-17,pamelamorales@example.org,645.0
6250,7365770778,1954-09-26,samanthafloyd@example.org,782.0
8977,4833370350,2003-09-16,,799.0
2881,2680920556,1966-10-16,jane89@example.com,639.0
9755,5936091483,1996-11-16,xvargas@example.com,
5311,1346963287,2004-07-10,teresaross@example.net,776.0
8130,7849630868,1995-01-18,justin21@example.net,620.0
4986,7206505905,1993-12-19,kramertanya@example.org,690.0
7886,6784255788,1969-01-04,williamsjack@example.org,708.0
8787,9039817290,1972-11-19,robertselaine@example.org,696.0
7860,7036912774,1976-07-20,megan29@example.net,807.0
2297,5915987290,1991-06-05,medinashawn@example.com,747.0
1151,5342072488,1968-10-04,kedwards@example.net,710.0
5150,6605045303,1974-07-20,holly26@example.net,
9039,3943951901,1963-07-10,,674.0
8368,8383515765,1996-07-20,susanmarshall@example.org,691.0
7964,4214393162,,russellparker@example.net,638.0
5937,2517882754,1966-01-12,davidhatfield@example.com,622.0
1668,7409767211,,floresmichelle@example.com,681.0
1864,3514070759,1966-02-03,mwagner@example.net,671.0
3384,1177312957,1972-02-22,wendy43@example.com,851.0
1604,5809885876,,jason78@example.com,676.0
9495,7996645904,1968-02-03,elizabethhorne@example.net,676.0
8978,2971006519,1996-09-12,,777.0
1704,4515463031,1977-10-14,icastro@example.org,
5581,8608034672,2005-01-18,vnewman@example.com,667.0
2271,1223044415,1968-08-11,adam03@example.org,605.0
7662,3780961131,1964-05-06,torreschristopher@example.org,631.0
1874,9962696740,1969-01-19,thompsonpatrick@example.org,
2590,2657617536,,bergvictoria@example.org,703.0
5114,8121551446,1981-07-17,maria72@example.org,
9969,9789843688,1996-08-01,mcgeeronald@example.net,753.0
3076,5428367301,1985-07-22,james90@example.com,
1696,9655573270,1962-08-26,,724.0
4165,5150188215,1967-06-05,shannontina@example.com,680.0
5490,5674383760,2004-08-23,fwillis@example.org,693.0
7446,7596988272,1996-03-10,trevor86@example.com,651.0
5652,5105393490,1954-08-10,ronaldgeorge@example.com,679.0
5085,5557163796,1957-12-09,foleyrobert@example.org,689.0
8424,5244321760,2001-08-10,,758.0
6650,4631926601,1992-04-26,williamsmith@example.org,797.0
8129,4094103880,1995-07-03,phughes@example.com,661.0
9087,7607394889,1970-09-26,perryangela@example.net,679.0
5873,1333834311,1975-04-02,michael75@example.org,659.0
1228,7840103448,1962-09-09,joshuaoneal@example.org,647.0
8038,3833338528,1995-09-02,noah19@example.net,737.0
9513,2753141342,1981-07-02,dnorris@example.com,659.0
5492,3989253595,1992-11-27,teresasmith@example.com,566.0
1449,5778775917,1985-12-11,phernandez@example.com,773.0
2404,9901140844,1958-08-25,robersoncarlos@example.net,664.0
1076,1017489576,1982-01-03,jtorres@example.org,702.0
6510,3489175809,1980-10-26,breid@example.net,667.0
1708,5630635416,1955-01-16,randerson@example.org,676.0
8663,9109562087,1989-03-11,angela99@example.com,
5110,8544031428,1955-09-06,fisherkristen@example.com,659.0
8043,3418732610,1953-02-24,jameswatkins@example.net,677.0
5182,3955830743,1969-07-19,georgesims@example.net,830.0
9842,8500065582,1961-12-05,jill70@example.net,679.0
4651,7317040647,1980-10-06,jordanpatrick@example.net,653.0
5144,5442870852,1975-04-25,inguyen@example.com,655.0
6075,8953890814,1973-05-08,uhernandez@example.net,
1107,8317748454,1963-10-15,lpearson@example.org,738.0
7512,6048964849,1979-06-23,nicholas90@example.net,733.0
4992,7676644456,1990-06-01,angelamccormick@example.com,713.0
1532,1231402991,1982-07-15,anthonysmith@example.org,726.0
9432,1607555856,1986-09-18,sroberts@example.net,
8310,3754732289,2004-04-18,cbrowning@example.org,713.0
1554,4034972143,1998-12-14,stacygeorge@example.net,
4390,3886766095,,josephrobinson@example.org,737.0
2388,2458063517,1985-04-06,brenda01@example.net,690.0
3003,2963602273,1991-03-26,newmanphilip@example.org,691.0
4571,2782517805,,craig71@example.com,624.0
1810,4144554964,1976-10-23,martinezkatherine@example.com,635.0
5067,5714056816,1953-03-25,,780.0
7083,7065550432,1986-11-14,rosskenneth@example.com,682.0
4594,4224020038,,andrew63@example.org,738.0
3282,7317147108,1983-10-08,christopherramirez@example.net,721.0
5183,8628020347,1994-10-06,kaitlyn19@example.org,764.0
4895,1451641313,1998-09-24,nrodriguez@example.net,673.0
4249,8058599730,1979-04-15,william71@example.com,
1776,9330474481,,kevin85@example.org,725.0
5818,9526138624,1993-03-16,lthompson@example.net,669.0
6257,8860567703,1986-06-07,lauren94@example.net,741.0
1629,1250861496,1981-07-12,melissa57@example.net,763.0
8334,6087005616,1964-07-02,xray@example.net,692.0
8979,6180517502,1976-03-15,,682.0
1749,4513768368,1996-01-05,christynicholson@example.org,
5256,3167992474,2000-07-13,kathy17@example.net,703.0
5359,6340826754,1995-04-05,joel34@example.org,648.0
2838,3152547712,1984-04-14,moorecindy@example.net,643.0
5396,4825303604,1989-05-06,joshua07@example.org,688.0
3955,7368605456,,lynngoodwin@example.net,647.0
4452,6994111705,1988-12-14,browngary@example.org,702.0
9493,8583227083,1959-07-02,nicole62@example.net,711.0
9818,3828870905,1976-01-19,livingstonjamie@example.net,759.0
3850,7251146901,2003-12-06,john64@example.net,
1751,5402742482,1962-02-06,markmccormick@example.net,723.0
1955,3668380137,2001-06-18,laurahorton@example.org,783.0
4223,4156333684,2000-03-25,grahamdakota@example.net,643.0
7175,8669530923,1960-04-26,cowen@example.com,726.0
1483,1778095157,1968-05-14,dherman@example.net,752.0
3317,6704246284,2000-09-15,nolanhenry@example.com,770.0
9227,8835181627,1975-12-02,klyons@example.net,756.0
8200,4175912824,1992-04-21,,706.0
5120,3093673495,1988-10-14,john35@example.net,698.0
2587,1737743396,1954-06-01,,701.0
1193,5907442744,2005-11-15,ylopez@example.org,720.0
9042,4989077885,2002-07-14,hector75@example.org,746.0
6489,4610979818,1956-02-06,marvin96@example.com,693.0
4786,1363283112,1960-07-12,james51@example.org,754.0
3765,2283618344,1957-08-28,,706.0
7268,8557229187,1980-12-16,elliseduardo@example.net,779.0
8478,3948309910,1987-09-17,reginald34@example.com,735.0
6735,6418131542,1964-11-19,catherine87@example.com,773.0
4652,8820846028,1999-11-08,,704.0
9363,1154827553,1988-12-05,xfisher@example.com,676.0
4572,6121523077,1993-09-02,gloria89@example.com,736.0
2500,6735132679,1961-07-18,ashleymurray@example.com,
2029,3348374382,1974-02-08,ronald57@example.org,670.0
6664,6187450393,1999-06-25,kaylaflores@example.net,722.0
7927,7525773329,1990-06-02,ashley82@example.net,
6680,6344444389,1976-08-26,amy87@example.org,632.0
5788,1898336925,1982-05-01,jose92@example.org,658.0
3965,6418849413,1996-12-10,mitchellheidi@example.org,712.0
9807,3610841404,,gle@example.org,681.0
2289,8654355783,1968-03-19,jonesloretta@example.org,668.0
4887,1540881316,1953-09-09,mariahjames@example.org,653.0
8800,3945936049,1998-06-02,bookerlisa@example.com,
2039,8809449421,,justinbrown@example.org,652.0
3365,3563868735,1982-12-24,nmccarty@example.net,784.0
9757,8554068587,1983-12-23,,756.0
6045,9405087003,1978-04-03,lewisolivia@example.org,642.0
9668,7829629286,1973-08-21,wdean@example.org,672.0
6092,7855793752,,loristafford@example.org,744.0
5795,6179889588,2000-08-07,ebutler@example.org,669.0
8322,2429424753,1973-05-15,markramirez@example.net,685.0
9471,2363666897,1996-08-23,georgemoreno@example.org,709.0
3018,4005719445,1971-04-16,susanhammond@example.com,622.0
3978,2376166532,1998-08-27,leechang@example.net,806.0
2495,4174986691,2001-08-28,ashley31@example.net,646.0
5518,1054811613,1961-07-24,mayerstephanie@example.net,699.0
9315,6370884004,1998-04-22,charlescooper@example.net,701.0
9016,4934300348,1977-07-26,,748.0
2893,7061993043,1974-02-18,campbellrachel@example.net,771.0
4815,1492906450,1972-10-12,coffeyjessica@example.net,678.0
4300,2604695507,2000-09-23,nicoleyoung@example.com,652.0
7441,9397940593,1958-08-08,josephthornton@example.net,673.0
4925,7188220442,1972-03-15,,732.0
3728,2009923200,1975-02-25,brandonparker@example.com,741.0
3104,7980691923,,jermainesmall@example.org,724.0
4502,6120833815,2002-03-07,,803.0
9407,2864335163,1999-07-17,johnsonangela@example.net,650.0
9735,8558277173,1970-12-15,thomas60@example.com,666.0
8694,8969282751,1993-08-14,mhernandez@example.com,626.0
6316,9350299939,1998-02-19,emmaturner@example.org,667.0
4579,9452899455,1987-09-13,millskatie@example.net,695.0
3343,9303467142,,nancyrose@example.com,753.0
7496,2378071720,1974-04-01,gordonmary@example.net,739.0
1682,4597968677,1987-04-24,hansengary@example.net,789.0
7360,4071127876,1983-05-27,rodriguezcarrie@example.com,689.0
3155,9812306627,1963-01-16,jstephens@example.org,763.0
3233,8416883323,2003-11-17,ruizmicheal@example.net,674.0
2861,3507212185,1953-08-20,denisereed@example.org,694.0
7277,7837569408,1999-04-21,,669.0
4488,4615732431,1988-02-17,,737.0
9672,8642486583,1979-06-11,wdavis@example.org,742.0
7180,7785640698,1988-09-28,johncarter@example.com,707.0
6826,9671923951,1974-05-15,matthewrose@example.org,786.0
7421,3195410963,1985-09-22,kristy48@example.org,754.0
1086,4555166764,2000-05-02,,627.0
3070,4582342271,2000-01-27,thompsonandre@example.org,642.0
7866,7218587023,1964-09-24,angela60@example.org,629.0
8818,8579137825,1995-08-22,nsantos@example.com,
3142,5894378450,1986-11-18,anguyen@example.net,723.0
9161,7653986581,2000-06-23,coopersamantha@example.com,690.0
9369,3246865725,1974-08-02,jeffreyhernandez@example.org,697.0
8355,7753774912,1963-07-19,maria98@example.org,700.0
4539,2548716166,1978-05-06,wendy10@example.org,737.0
9903,1030033121,1996-06-25,mandy88@example.org,633.0
4463,4114965525,1989-06-06,tyler56@example.net,718.0
1203,2823163074,2004-03-04,rebecca98@example.net,
6064,5787832798,1958-06-25,tayloralison@example.org,695.0
9498,8909206862,1956-07-24,zdennis@example.com,702.0
4053,7911413371,1958-07-20,,713.0
9004,1447146330,2004-09-02,,694.0
8834,7015793872,1986-11-06,heather40@example.com,675.0
1766,1465348707,1989-11-12,toddandrew@example.org,743.0
9414,8069403019,1973-07-25,fmiles@example.net,665.0
2802,2643448082,1989-12-10,kendrawilson@example.com,609.0
4295,7385218980,1974-05-13,joshua92@example.net,
9169,7844892736,1983-05-18,icarroll@example.org,825.0
9955,4546782327,1962-07-18,tellison@example.com,718.0
9459,8674244662,2005-09-27,mtaylor@example.com,
4447,8066189934,1970-11-24,donna29@example.com,592.0
3704,4317988908,1973-01-14,liryan@example.org,708.0
2736,3771446347,1983-04-04,audreyrios@example.com,693.0
8000,4603197385,1964-08-28,lwoods@example.net,
1281,9630571275,1996-12-20,ashley27@example.org,683.0
4775,4110777782,1962-11-21,djones@example.org,755.0
7075,2455013491,1975-11-17,nathan57@example.com,663.0
7919,9323567924,,hullphilip@example.net,760.0
4800,5974470160,1984-01-27,christophercase@example.net,741.0
5217,4663079629,,angelamoss@example.com,716.0
7162,9146610232,1995-12-16,johnsonkevin@example.com,686.0
7657,6765862034,2005-05-15,jeffreycruz@example.com,660.0
2343,3649353264,1978-03-02,meredithjackson@example.org,
2788,1730696931,1954-07-13,rcastro@example.org,706.0
1312,5312882901,1999-12-21,millerbradley@example.org,724.0
3161,5627511446,1969-09-01,adrianmartinez@example.org,695.0
1428,4030881239,1977-02-17,brian84@example.com,755.0
7465,6304004741,1999-08-13,kennethsimmons@example.com,725.0
2834,9125948805,1967-01-27,mholt@example.com,712.0
9305,4647677284,1954-09-27,kathywilliams@example.org,618.0
9050,4386418023,1966-12-06,quinnlaura@example.com,668.0
4588,8510651840,1953-11-10,brandondavis@example.org,712.0
8190,6489749973,1965-10-18,kelseyvelazquez@example.net,720.0
9789,6488776029,1990-09-01,,738.0
1032,3824135474,1959-01-16,,768.0
8542,4407555904,1992-08-02,jeanduffy@example.net,727.0
9244,1113050531,1991-07-02,thomas07@example.net,796.0
7827,5495479764,1990-11-03,jocelynolson@example.net,757.0
4002,5252249228,,hsosa@example.com,684.0
6651,3044707895,1968-03-08,nchaney@example.net,661.0
9943,9619771459,1987-03-20,garciachristopher@example.com,638.0
9048,4364974919,,xwilson@example.org,728.0
1096,1341869385,2002-07-08,tylerlane@example.org,720.0
2282,3102240192,1992-11-05,jessicacarr@example.org,719.0
7797,4522271047,1997-08-17,jonathon71@example.org,
7634,3993811005,1965-08-19,rickwheeler@example.org,826.0
7937,5123350798,1995-01-18,,677.0
6355,8969331334,1969-12-12,mnguyen@example.com,627.0
2192,9938792597,,richard85@example.org,676.0
6449,8500112917,,sarah76@example.com,734.0
8816,8768989886,1991-10-28,sherri35@example.net,
2536,4371160076,1974-06-16,joshua80@example.org,696.0
6553,7689230183,1953-06-22,brandon74@example.org,
7522,1505262095,1959-07-02,pmartinez@example.org,734.0
9863,1415470314,1985-07-26,brianpotts@example.org,720.0
4566,5437692099,1975-05-01,wilsonjeffery@example.com,637.0
2227,3597466623,1973-03-03,nolangail@example.org,618.0
5833,5065899594,,teresa21@example.com,670.0
1529,1196459920,1987-09-14,mollywilson@example.net,687.0
2490,1069293907,1964-07-09,hayescynthia@example.net,727.0
8653,9686299066,1973-11-16,stevenguerrero@example.net,575.0
3199,9675421948,1982-06-04,ypeck@example.org,669.0
7944,3627584890,1976-12-16,alexandernichole@example.com,649.0
7803,8711680040,1994-12-12,jennifer52@example.com,689.0
5632,7760424135,1978-12-02,dlee@example.net,746.0
7314,2713993362,2003-03-08,,688.0
6041,9938099145,1963-02-05,zwilliams@example.org,698.0
7548,9410794019,1990-09-28,jessica82@example.com,730.0
4106,5465970717,1958-03-01,,673.0
6770,8318826533,1983-05-10,kennethnorris@example.net,748.0
3207,6015333413,1953-11-05,kwilliams@example.org,691.0
2654,2946948644,1969-03-11,jamesashley@example.net,762.0
5092,8130302580,1988-04-15,,767.0
8456,7413397775,1996-11-03,tmccarty@example.net,
3499,4585156055,1953-05-13,,711.0
6731,9048708675,2000-08-18,edwardsbrett@example.net,747.0
3926,3314373052,1976-10-20,charlottesims@example.com,
8390,2477644428,,heather66@example.com,819.0
6030,1063389208,,tcollins@example.net,796.0
6229,1599893870,1967-05-02,patricia97@example.net,648.0
5616,2968605837,1983-10-25,moorerobert@example.com,704.0
4605,5651266906,1969-10-28,melissa62@example.com,
6982,6105886462,1967-12-12,brandy98@example.net,750.0
4441,9748431443,2002-09-22,rhonda32@example.org,
1889,8006117596,1983-02-12,palmerdavid@example.com,677.0
2174,5354029907,1953-03-21,ajordan@example.org,714.0
7053,2328081798,1957-02-18,jessica21@example.com,705.0
2148,6688732933,1995-11-07,deborah42@example.org,614.0
4380,7532371618,1991-12-01,jennifer85@example.net,686.0
5205,8927583845,1980-02-27,,708.0
4739,3679305284,1973-01-04,william67@example.com,781.0
7202,8927105785,1999-06-28,lcook@example.net,650.0
1956,9235584580,1985-01-04,mileslauren@example.org,660.0
5740,5951761571,2002-09-09,roachkimberly@example.net,721.0
5549,8199985483,1957-07-07,ray98@example.net,
8761,6921657447,1987-04-15,monica47@example.com,680.0
1865,9906119994,1992-10-23,harrisjasmin@example.com,694.0
7667,6963107313,,kristopherbarnes@example.com,651.0
1773,6413764523,1986-08-12,perkinscandace@example.org,793.0
7967,2492936961,1997-02-23,,738.0
6280,1186358021,1967-10-20,glewis@example.net,625.0
1264,5733890570,1995-12-20,crystalweaver@example.com,796.0
2235,5381304023,1965-03-21,,695.0
3466,4460861597,1976-10-13,dhenry@example.com,674.0
7753,6251488940,1965-06-23,rebeccaramirez@example.net,
8601,8186623388,1980-01-20,welchfrank@example.org,736.0
7245,3805058928,1992-01-01,shelbysmith@example.net,759.0
6851,2768058356,1985-05-09,jeffersontravis@example.com,662.0
8398,5148817331,,elizabeth42@example.net,579.0
3269,3117275713,1976-02-22,hross@example.net,717.0
1149,9299039481,1994-01-07,andreamoore@example.net,693.0
7267,1999930175,1982-09-22,mjensen@example.net,719.0
3751,6290804471,,hartmanashley@example.org,682.0
5352,1185331934,1963-09-09,gjohnson@example.com,709.0
7041,4459945773,1986-03-06,jefferygreen@example.org,651.0
5421,4772006594,1964-03-24,fcarter@example.net,681.0
9440,2847016836,1984-05-09,knightelizabeth@example.net,714.0
7771,6781008886,,kennedyjose@example.com,750.0
6113,6207909060,2004-09-16,darrell53@example.org,689.0
7373,9661595122,1969-07-26,mhopkins@example.org,744.0
8375,6381920740,1975-10-20,turnerrebecca@example.net,
6597,6719882320,1986-10-02,maryjohnson@example.net,796.0
6018,6610362993,,amack@example.com,670.0
7038,2263098116,1985-06-26,katherinegarcia@example.net,780.0
6079,8159220061,1973-12-13,tayloraaron@example.net,661.0
9079,9240712540,1998-10-26,njohnson@example.com,648.0
7276,6178016108,1990-02-26,xhendricks@example.org,737.0
8637,8120790053,1954-04-21,vsmith@example.com,630.0
8102,3635357345,1994-10-17,ebrandt@example.com,712.0
7616,2417975092,1997-05-21,blairjake@example.com,745.0
1014,3391461771,1985-07-23,kellygonzalez@example.net,648.0
6838,4962025323,1966-09-24,boydmegan@example.com,720.0
3933,1996594635,1958-06-02,tammy74@example.net,704.0
2032,3446755317,1994-10-15,brandymarshall@example.com,682.0
7863,4486115476,1972-08-08,michael92@example.org,692.0
7113,2276050849,,smithbrenda@example.com,672.0
7228,3318542461,1969-09-11,gsullivan@example.net,807.0
6070,6016399278,1972-07-22,zstanley@example.org,780.0
5472,9469389669,1958-11-06,estradamatthew@example.org,822.0
1963,5013105448,1964-11-16,matthew93@example.org,653.0
3054,6229833667,1967-10-12,zbrown@example.com,
9946,1954834839,1981-11-12,tara65@example.org,735.0
4827,4069525594,1995-07-18,jesusolson@example.net,705.0
7416,3562900201,1995-06-13,bowmanandrea@example.org,571.0
7973,2483260722,2003-08-26,privera@example.org,665.0
8748,4906010266,1971-02-13,tevans@example.net,771.0
9474,9058036728,1968-04-06,gaineskatherine@example.net,709.0
1939,1538650423,1985-11-25,ybrock@example.com,
1365,7322621876,1994-05-23,bakersarah@example.com,625.0
3437,5326814012,,nicole17@example.org,676.0
1846,6183014496,1997-07-09,,712.0
4101,1089211093,1998-03-12,,692.0
9729,8277679238,2001-05-26,hancockjennifer@example.org,
4039,5817445306,1993-08-25,carpentermatthew@example.org,748.0
4725,9560551465,1968-04-07,,617.0
4643,8817510648,1967-05-25,djohnson@example.com,731.0
5660,4850164437,1959-11-12,charleswebster@example.com,690.0
9473,4507093585,1959-07-16,nancylopez@example.net,676.0
6432,3676848017,,eric03@example.com,666.0
5475,9063274115,1983-04-11,stephanie57@example.org,666.0
5038,6502552617,1989-11-28,logan74@example.com,802.0
3861,7468331914,1981-11-21,matthew40@example.com,654.0
4281,3204946893,1967-03-05,kevinbell@example.org,783.0
7246,3079738363,1970-12-01,megan20@example.org,756.0
4898,3310565591,1995-02-14,luis84@example.org,
1553,8625186360,2003-02-09,kthompson@example.org,
5931,5262745993,1979-10-08,bergchristian@example.org,845.0
7151,3592401526,1982-06-08,marilyn82@example.org,533.0
4047,8881124804,1999-07-11,padkins@example.org,731.0
4448,3297637350,2001-10-09,ofox@example.net,672.0
5337,6349019991,1998-06-25,carneybrandon@example.com,724.0
7229,4244532041,1969-01-16,ramirezabigail@example.com,
7739,5279658668,1954-11-23,ehouston@example.org,
8359,7009372146,1974-03-09,wanda77@example.com,778.0
2575,4394330714,,kelsey77@example.net,820.0
2975,5532010777,,jane22@example.org,770.0
4581,6495183317,,deborah09@example.com,607.0
2518,3450239730,2001-10-19,montgomeryfrederick@example.net,742.0
2310,5251786406,1953-06-21,,660.0
3966,3451738273,1955-12-19,moraleslisa@example.com,752.0
4708,5448698569,2003-04-28,jenkinsangela@example.com,716.0
5329,7917317200,2001-06-14,erik64@example.com,716.0
5601,8513786146,1960-09-02,woodchelsea@example.com,766.0
5730,3923099359,1975-06-18,matthewmartin@example.com,671.0
9028,8337547297,,samantha10@example.net,714.0
3491,4922301238,1958-06-06,gonzalezbrian@example.org,
6039,4933471015,1955-10-22,jeffery86@example.net,711.0
8953,7047861183,1978-07-02,brandonmunoz@example.com,
1009,7260906324,1968-08-24,xwagner@example.com,746.0
6637,4450348182,1981-03-25,william21@example.net,710.0
9255,7388561977,,robertsimpson@example.com,756.0
4694,8706306079,1995-04-22,kevin18@example.org,684.0
2776,1013814991,,james49@example.com,781.0
7678,6443058624,2001-10-19,phillipsbrian@example.org,
2857,4750136400,1966-09-11,michael43@example.com,702.0
4858,5135806287,1998-03-08,navarropaul@example.org,728.0
7000,6476219941,1970-03-18,michelle27@example.net,683.0
6914,1578054588,1977-07-12,,620.0
2820,3930209408,1987-10-19,mbrown@example.com,744.0
9611,5610686917,1955-06-23,glenda58@example.com,
1214,9442592847,1993-11-06,jamie70@example.com,
3547,5728529119,1983-11-15,robert90@example.net,
8666,9188766709,1978-02-07,andrea28@example.net,677.0
8962,1013325409,1963-07-12,ashlee25@example.com,768.0
9522,1045390617,1993-11-26,,696.0
1624,8395312835,1995-01-18,tonyjohnson@example.net,779.0
8591,3150682121,,tinaanderson@example.org,756.0
1781,5561601549,1980-07-15,ymorrison@example.net,
8296,4347575862,1978-04-13,ernestbowen@example.com,743.0
7168,7987892830,1976-09-27,hubersandra@example.org,735.0
2406,5978818027,1977-12-20,,747.0
9316,6123719743,1977-10-26,cameronwilson@example.org,705.0
2062,7585754823,1960-05-07,kristysherman@example.org,791.0
9313,4294512461,2003-08-14,leachdavid@example.com,698.0
9011,9845397352,1964-02-17,tfranco@example.org,678.0
9261,3159089448,1973-08-11,kellymoran@example.org,784.0
1927,1118832698,1978-09-19,kirsten71@example.com,810.0
9314,1854075569,1981-01-28,briansmith@example.com,587.0
3648,1691037119,1992-09-09,robert44@example.com,715.0
8297,7690630500,1968-06-26,samantha07@example.net,716.0
1407,8409297860,1978-02-15,timothybrown@example.net,598.0
6589,8112721482,1968-06-16,debbie88@example.com,799.0
6890,2275199421,1961-04-06,smatthews@example.com,707.0
8826,9974319926,1983-11-21,xroberts@example.org,676.0
6286,9438615709,2005-09-08,jennifer73@example.com,
8806,1682605536,1961-03-24,dananewton@example.net,765.0
6312,7571094430,1972-01-27,pattersongregory@example.org,648.0
6763,8737223425,1953-09-19,debbie32@example.net,697.0
2545,3597737192,1956-08-14,ana65@example.com,634.0
6625,8547445636,1994-11-22,danielsingh@example.org,
5787,7041116953,1998-08-03,andrewbanks@example.net,697.0
6248,1857435809,1983-11-28,bautistakenneth@example.com,758.0
4816,4293707759,1983-11-26,louis21@example.org,734.0
9523,6671600815,1964-03-05,fullervincent@example.com,736.0
4152,2848800696,2005-12-19,,766.0
4078,1547997174,1985-12-24,shannon15@example.org,
8662,4839380013,2000-11-28,zbrown@example.org,693.0
1279,5455366738,1971-07-02,gregory89@example.net,699.0
7315,3870015107,1998-08-02,carteramanda@example.com,726.0
9915,6389088314,1969-05-10,frank62@example.net,698.0
4332,8752404196,1964-10-06,mhinton@example.net,679.0
1391,6194551320,1956-11-07,austinharris@example.org,
3019,9146970054,1956-12-17,eric93@example.net,699.0
4145,8104176736,1971-01-20,forbesjoshua@example.net,704.0
2428,8411900612,1977-04-24,johnny79@example.org,565.0
2251,1885659290,,jmartinez@example.com,680.0
5527,6886027239,1959-01-27,smithnatasha@example.org,731.0
8618,6919397373,1988-12-04,millerricky@example.net,742.0
2396,6926294979,1983-01-09,keith64@example.com,685.0
7872,7465518415,1985-10-22,sjoyce@example.net,694.0
5608,9554780221,1989-04-22,joshualee@example.net,691.0
6232,2966730811,1981-08-18,hdavis@example.com,710.0
6014,6085971491,1960-07-22,,739.0
8329,3447814649,1985-01-11,cruzmichele@example.com,707.0
2265,1930445453,1966-07-18,wgallagher@example.com,666.0
5033,8409672357,1955-08-14,carrollgregory@example.com,629.0
1108,8015319969,1974-09-28,,647.0
2609,3559356284,1981-06-02,ocunningham@example.org,720.0
4561,1550463697,1960-09-13,alexisjohnston@example.com,732.0
3389,7422164940,1992-01-11,fwalsh@example.com,672.0
2625,7472973475,1986-05-08,ariasjeremy@example.org,808.0
3738,9621367006,1975-12-01,,677.0
6309,9450257317,1991-06-09,robertsonjames@example.com,713.0
6318,9205008752,1956-07-17,bullockcassidy@example.org,720.0
4043,8427688567,,joneschristine@example.com,606.0
8990,9203391982,1983-12-07,crussell@example.net,696.0
2046,9112166328,1985-12-02,hgibson@example.net,702.0
9307,4739169554,1996-02-08,angela62@example.net,721.0
2261,3571556373,1974-03-08,mooneydana@example.org,671.0
6036,3807342742,1998-04-08,clinton62@example.net,705.0
2345,3487805721,1998-01-12,brianperry@example.com,664.0
4961,5912606404,1974-11-20,srodriguez@example.org,738.0
3594,5797902787,1978-07-06,donaldgardner@example.net,686.0
9375,9816710835,1955-11-27,joeltran@example.com,
6174,9722771899,1994-12-12,gdunn@example.net,
7126,4514883271,1999-10-19,karaanderson@example.org,777.0
7255,7873401308,1963-04-17,,693.0
1461,6874229513,1963-05-11,garciaalejandro@example.net,617.0
9277,7412193200,1970-12-22,megan46@example.net,615.0
1755,4737698549,1971-04-15,amybrewer@example.org,
8984,7692783517,1989-10-04,qowen@example.com,637.0
5365,7451480768,1998-01-24,oshepard@example.com,666.0
9148,6073263685,1975-02-23,askinner@example.net,636.0
1535,7554211858,1982-05-04,,737.0
2548,8684495670,1976-06-17,olong@example.com,699.0
6908,4418181914,1980-06-23,brenda32@example.org,642.0
9096,2794192968,1979-11-09,gmoss@example.com,688.0
3369,2410818890,1999-07-24,,632.0
9353,1448092414,1961-05-26,brandonsullivan@example.org,
5720,7103424326,,jamie30@example.org,664.0
7768,6729989891,1996-05-09,chad59@example.org,721.0
3849,4035229032,1959-04-01,brian85@example.org,550.0
2073,2160836347,1984-10-20,karen97@example.net,686.0
6010,6323191598,1999-10-09,,731.0
9164,4154258307,1975-03-06,xdavid@example.com,778.0
2306,6223893468,1998-04-28,heatherwhite@example.com,716.0
7650,9792899461,1954-12-26,gregorysmith@example.net,672.0
6523,1603994243,1979-07-27,xburns@example.org,751.0
3958,1664786717,1972-02-18,suzanneadams@example.org,696.0
9212,5860911672,1988-02-11,janet77@example.net,719.0
7954,3709182762,1981-01-15,sierramiles@example.net,635.0
8605,3582151921,,msmith@example.org,774.0
6381,3010791442,1959-11-03,manningnatasha@example.net,676.0
8993,5167597522,1991-03-14,jasonsmith@example.org,641.0
4293,9378002962,1975-05-15,hholloway@example.org,710.0
4971,4335186673,,wrightjulie@example.com,838.0
6338,1525623174,1991-10-02,matthew38@example.com,719.0
3771,8572488297,1960-01-13,stevenrobinson@example.net,668.0
2181,2946115163,1962-03-09,caitlinvalenzuela@example.net,701.0
4268,6792624422,1962-05-23,douglasrobert@example.org,625.0
9133,6925579021,1984-10-04,ronniewilliams@example.net,757.0
4206,6369345510,1977-11-27,jodijennings@example.org,638.0
2928,7204801630,1966-07-16,,788.0
8850,7736615398,,cameroncox@example.net,594.0
3636,4183115410,2001-04-27,cunninghamjoshua@example.com,672.0
8260,4534261187,1966-08-24,llynch@example.org,573.0
6698,4200718974,1975-05-14,,669.0
7108,9767950439,1993-06-04,michelepark@example.com,
6841,1016522402,1970-04-14,kelseywalsh@example.org,726.0
1555,8147520886,1974-03-21,jordanmoore@example.com,680.0
9355,9425877373,1969-06-26,brian88@example.com,726.0
9334,6650822466,1968-04-15,,789.0
5582,4192072174,1971-12-13,shaun16@example.com,710.0
4444,7027230150,1979-03-22,,698.0
7510,1755896161,1998-03-03,colleen51@example.org,756.0
2184,5414205609,,morganchristopher@example.com,713.0
9336,7741022299,1995-07-01,kathleen79@example.net,714.0
2374,8290385755,1980-10-17,ynichols@example.net,714.0
4868,3494536059,1953-11-15,jonesdaniel@example.com,722.0
9358,4235575311,1986-04-25,ashleymckenzie@example.com,752.0
7337,6290948902,2003-04-15,jeffreynelson@example.net,785.0
3373,1973032470,1967-11-19,zweaver@example.net,789.0
1018,8887792196,1965-05-04,trevinochristine@example.org,674.0
9222,5572988913,2003-03-02,sarah77@example.com,639.0
1710,1496700879,1971-06-01,michaeljohnson@example.org,722.0
2016,4660798442,1978-11-01,,714.0
5165,7646806777,,vaughntoni@example.com,612.0
2850,4141099894,,theresa33@example.org,679.0
9082,4493753968,1997-08-08,,658.0
1780,7707691067,1982-07-19,wendy24@example.org,785.0
1330,6302270886,,karen09@example.net,716.0
7377,1678789000,1999-02-11,montoyachristopher@example.org,696.0
7605,5358203590,1990-10-24,faulknerjulie@example.com,741.0
7845,3715133872,1960-02-09,margaretmaldonado@example.com,
2256,8732679606,1992-12-24,abigail62@example.org,768.0
6350,2459003230,1975-10-01,lee68@example.org,730.0
9573,5608542556,1989-06-17,larsonpatricia@example.com,745.0
7080,8916130387,1955-08-02,kcampbell@example.org,559.0
5996,4840626430,1964-09-26,gthompson@example.org,693.0
5123,9874853141,1957-11-16,pateldanielle@example.net,714.0
8141,8894984847,1984-04-08,robin57@example.com,631.0
5963,5266576918,1973-09-22,diazpatricia@example.net,702.0
9412,8302566186,,sreynolds@example.net,705.0
2711,3940599416,1993-11-15,frogers@example.org,745.0
4753,3883414980,1980-02-03,gduran@example.com,671.0
2351,3678298787,1971-01-05,alexanderjonathan@example.net,716.0
8086,6086627405,1990-03-17,,737.0
2542,7430851843,,john65@example.net,695.0
1346,8340972344,1988-04-08,gabrieldaniels@example.com,739.0
4500,1399657276,1992-02-22,maynardbrittany@example.org,785.0
3756,7922013538,2004-07-14,,693.0
3468,7892020791,1990-02-10,jeremiah23@example.com,591.0
3796,5981964918,,christopherortiz@example.com,752.0
7210,3786937147,1976-11-03,allisongray@example.org,747.0
6858,1292953401,1968-12-23,criley@example.com,778.0
2876,5631863395,2000-08-01,lauren43@example.com,
2301,4947916446,1958-07-02,,655.0
1160,4187218535,1977-07-22,pdixon@example.org,623.0
4170,3198796687,1994-03-16,warrenmargaret@example.org,708.0
1039,7807989043,1996-07-28,jessicabaird@example.com,683.0
3953,5740403676,1977-10-10,dsmith@example.org,723.0
8851,5687513260,1996-06-03,courtneymosley@example.org,714.0
1398,6372249580,1963-05-15,montoyacynthia@example.net,
1973,3666546040,2003-06-03,hernandezerik@example.net,648.0
3615,5599069345,1990-07-02,jenniferrobinson@example.com,672.0
9194,8923324867,1979-04-24,jennifer71@example.com,714.0
2182,9284789768,1968-02-28,robertdavis@example.com,715.0
9080,6490978645,1958-09-09,,764.0
3377,9590452467,,matthew72@example.net,734.0
5012,3714190259,2005-01-24,djohnson@example.com,
1477,9083610990,1970-08-22,kingsharon@example.org,687.0
2958,7239615156,1983-12-27,raymondalvarez@example.com,747.0
9655,5144934932,1962-02-11,raykayla@example.org,671.0
4320,2666828946,1963-11-24,wsmith@example.net,674.0
2211,5364807988,1959-09-15,,726.0
4781,2424810471,1962-01-22,jessicasparks@example.com,752.0
2687,3345410490,1974-09-18,mcintyrelori@example.org,719.0
4493,9136197959,2000-09-07,annawashington@example.org,679.0
4126,8057942035,,rebeccamitchell@example.com,695.0
1002,3297046991,1981-08-06,uwells@example.com,777.0
7244,4869317131,2003-05-10,johnsonmanuel@example.com,
4451,6689822730,1968-02-06,melanietaylor@example.com,702.0
2072,9067138895,1978-06-27,wattschristine@example.org,678.0
4457,8862830924,1993-07-19,traceyguerrero@example.org,735.0
9137,2543158501,1974-05-05,crosbykimberly@example.com,
8042,2404554639,1974-05-04,jessica19@example.com,748.0
3108,9742006429,1984-10-20,mason15@example.org,711.0
8746,2381273258,1995-05-02,gjohnson@example.net,732.0
6134,7866003570,1980-08-25,erobinson@example.net,711.0
5531,1411475420,1990-02-08,garciasara@example.net,748.0
4066,1545047724,,jeanette56@example.org,779.0
2157,2115156250,1959-04-07,knoxruth@example.com,688.0
1549,7614847598,1999-10-25,paul57@example.com,647.0
6623,2223939875,2004-03-09,frankgay@example.net,751.0
3020,3646063710,,katelynwatts@example.com,766.0
6545,2888724803,2004-04-11,christopher08@example.org,
7430,9782828230,1964-11-04,faith78@example.com,775.0
9781,7759931456,1979-12-25,kathleenarias@example.com,797.0
6863,5734223731,1969-09-01,figueroafrank@example.org,
8983,3042730915,1978-04-16,petersenalexander@example.com,713.0
6720,7747732017,,eric54@example.net,697.0
6750,6367637426,,richard36@example.com,693.0
2486,3509213739,1989-04-22,aortiz@example.org,664.0
1132,4614399478,,ashleyreyes@example.com,734.0
9276,6315554081,2005-06-19,xgonzalez@example.com,677.0
4850,4123149920,1985-06-20,,711.0
7413,9594063002,1995-11-14,ashley59@example.com,670.0
6547,4473459762,1972-08-21,hillheather@example.net,822.0
3843,5285674807,,ihart@example.net,630.0
6951,1261647954,2004-01-02,brandi59@example.com,674.0
7065,7667973768,1995-07-23,anneharris@example.com,731.0
6179,7792858802,,wpacheco@example.com,703.0
9808,4916927763,1975-04-22,warrenjustin@example.org,737.0
8075,5324744884,1973-03-10,,681.0
3388,1000152732,1954-08-09,housejamie@example.com,547.0
4000,2369104063,1959-10-28,brittany43@example.net,607.0
5179,1890663609,2004-01-24,,686.0
9418,3134548432,,michael73@example.net,647.0
9902,9061080863,1967-10-24,robin27@example.net,718.0
8331,2630278850,1977-01-23,ggarcia@example.org,771.0
7189,5875753612,1980-05-16,laura49@example.net,718.0
7395,9720744355,2004-05-06,andersenanthony@example.com,711.0
7110,4714274984,1968-05-03,elizabeth59@example.org,765.0
3586,6495167204,1954-06-28,,779.0
8586,6938252957,1983-09-03,matthew87@example.com,694.0
8195,9911989470,1956-11-09,syoung@example.net,621.0
1038,5471653728,1962-04-11,steven49@example.net,669.0
1432,4490446320,1982-03-25,theresa74@example.org,665.0
3408,3700778402,1993-07-23,christinalopez@example.com,640.0
7442,6425919700,1975-04-07,seansanders@example.net,
7349,3160370466,1958-01-15,douglasdeanna@example.net,752.0
6995,9975974059,1959-02-21,,720.0
2689,1538082718,1977-06-21,james71@example.org,738.0
6658,5409399514,1985-06-14,barnesjohn@example.net,809.0
6019,4289524051,1998-11-05,paul75@example.net,687.0
3576,1640322038,1962-04-11,sabrina87@example.com,
7852,5533237116,1989-11-13,benjamincollier@example.org,719.0
2506,6124848163,1988-12-17,williamslisa@example.org,613.0
2023,6654756204,,sarahpearson@example.org,638.0
6639,2375878535,1966-03-12,carol43@example.net,688.0
4977,7772647097,1979-11-10,,765.0
6071,9692284795,1954-09-07,jacksonmiguel@example.net,749.0
8026,5662558211,1995-12-15,raymond28@example.org,814.0
1622,7023100698,1971-12-22,barneschristine@example.org,726.0
7278,6027130224,2004-07-16,changana@example.org,666.0
8709,6941531335,1980-01-05,,737.0
3785,9485016035,1981-05-27,vedwards@example.com,
2573,2566969879,1960-10-25,brownchristopher@example.net,623.0
4096,8041692618,1982-11-13,lisafloyd@example.com,742.0
7208,2554573962,,robertjenkins@example.net,621.0
7232,5812430099,1990-11-04,,705.0
6866,5565238828,1975-02-13,smithandrew@example.com,
2524,1399318626,1979-06-24,samanthahernandez@example.com,661.0
3166,7026492239,1995-08-13,anthonykelsey@example.net,
8706,3880356900,2000-12-27,ataylor@example.net,671.0
3332,4583563048,1993-05-19,jacob11@example.com,666.0
5245,8925071825,1995-06-28,williamsangelica@example.com,752.0
9546,1249485634,1977-07-20,michaelmiller@example.net,
8763,8879924801,,thomasjeanette@example.com,707.0
5600,3671938188,1970-01-05,riverajohn@example.com,722.0
2328,1709248087,1997-10-13,rachellandry@example.net,757.0
5772,9681774919,1970-09-14,qking@example.org,750.0
8414,5582710707,1969-12-12,,761.0
2347,1421444547,1967-10-18,,720.0
7051,6087058098,1974-01-28,brichards@example.net,
1754,9670734913,1956-11-26,tannerdavis@example.org,695.0
8186,2584020162,1992-09-06,adriana09@example.org,693.0
8849,1864550712,1958-05-26,cristianbrown@example.com,686.0
8681,8046027537,,adyer@example.org,814.0
4110,2812679008,,eric22@example.com,696.0
5449,8221992863,1995-07-11,elizabeth46@example.org,738.0
3996,4485785572,1986-05-26,megan33@example.net,731.0
3595,1644967544,1977-05-10,zlowery@example.org,786.0
5800,6382071126,2003-02-11,codypearson@example.org,633.0
6907,8341374199,1991-09-24,ggarcia@example.org,784.0
8565,5210226899,1995-09-17,ashley75@example.com,723.0
1246,5362219296,1991-02-19,beardraven@example.org,745.0
7318,4499011344,1999-07-12,marissa91@example.org,727.0
3364,7438329534,1972-03-14,zacharycampbell@example.org,728.0
7462,6060158952,1975-11-18,francissara@example.net,621.0
6425,9561040264,1986-11-18,cpope@example.org,696.0
3534,1314927450,1955-04-25,gutierrezbelinda@example.org,747.0
1716,1953021737,1960-02-26,,660.0
3876,1013635613,1968-06-26,dhurley@example.org,
6932,9170866051,1997-07-10,jadams@example.org,730.0
3718,4106350510,1975-10-24,erowland@example.org,661.0
2006,2184484523,1966-05-10,christopher25@example.net,617.0
8861,8401733391,1960-04-09,,743.0
5086,8803998035,1958-10-28,david98@example.com,700.0
4912,2135201989,1955-11-22,durhamchris@example.net,684.0
2403,2292116450,1961-08-15,shawndickerson@example.org,716.0
8269,1685004413,1966-06-26,jessicajones@example.net,656.0
1019,6176816010,1957-06-19,gonzalescindy@example.org,661.0
5459,3311450201,,yhowell@example.com,754.0
3029,4162898279,1994-10-11,barrettcurtis@example.net,702.0
6222,2111663387,1963-04-13,ggreen@example.org,745.0
1826,1355868459,1971-06-01,angel80@example.com,664.0
2621,9021781419,,hsanchez@example.net,724.0
6043,3382367721,1953-07-27,xward@example.com,703.0
1210,3252421518,1993-03-03,morgan19@example.org,674.0
5392,8084272425,1974-11-06,grahamcarrie@example.com,672.0
7647,6396731226,1959-11-27,nsmith@example.net,670.0
2610,1862688879,1961-12-12,jennifer98@example.net,701.0
7767,6611623249,1975-07-16,tammy98@example.net,679.0
7517,5574238089,1990-07-09,fjordan@example.com,714.0
7575,7616749254,1975-02-22,melaniejohnson@example.com,716.0
8675,1215680142,1978-10-08,,660.0
8062,6553906896,1956-12-17,hduncan@example.com,720.0
2607,5814026272,1973-02-05,jose93@example.com,
2383,7667262662,1967-01-12,hatfieldbradley@example.net,624.0
4531,9248140160,1960-07-17,matthewsdaniel@example.net,661.0
5208,7546282838,1957-07-14,johnhill@example.net,683.0
