Customer_ID,Transaction_Ref,Trnx_Amount,Trnx_Date,Trnx_Type
1241,66155,2631.6,2020-04-18,Deposit
1158,21042,4715.89,2014-12-05,Withdrawal
1377,61116,8280.14,2017-06-05,Withdrawal
7736,77950,1328.95,2020-07-25,Transfer
9539,26025,7749.03,2020-01-07,Deposit
4054,81448,1294.5,2023-02-01,Deposit
9599,39552,7238.29,2018-07-02,Deposit
6076,56437,6462.2,2015-08-18,Transfer
2272,96552,6270.82,2022-09-14,Deposit
8273,99521,3342.0,2020-03-23,Withdrawal
5709,20302,5968.61,2018-07-09,Deposit
2513,24934,1062.77,2014-06-20,Transfer
1260,44804,7655.33,2018-09-24,Deposit
9526,51452,8703.42,2015-07-10,Transfer
6231,16780,3579.51,2017-05-23,Withdrawal
3780,23252,8508.05,2017-02-19,Withdrawal
8349,18444,2896.49,2019-03-31,Deposit
4225,77234,4765.2,2016-05-22,Deposit
3064,17335,1240.66,2021-06-09,Transfer
9776,97642,8436.17,2017-02-05,Withdrawal
4310,21020,9700.71,2015-01-24,Deposit
2979,46176,4819.31,2023-03-12,Deposit
6821,46500,8188.74,2017-11-03,Deposit
9948,42051,3299.62,2022-03-18,Deposit
4926,68846,4322.12,2019-10-23,Deposit
3205,28293,2642.64,2020-07-16,Transfer
4545,94383,9764.17,2023-09-30,Deposit
5260,51533,5256.33,2015-05-16,Withdrawal
6646,57005,2302.48,2022-07-12,Withdrawal
3021,16553,9953.24,2022-12-31,Withdrawal
8413,59187,4244.83,2017-12-31,Deposit
9712,42531,6356.75,2019-09-11,Withdrawal
5339,71381,7757.54,2018-09-07,Transfer
6940,72176,8720.07,2022-05-14,Transfer
9642,82487,2604.57,2019-02-23,Transfer
7985,66190,7877.15,2017-12-10,Transfer
8686,97880,4752.42,2020-06-03,Deposit
1664,70343,6600.13,2020-03-24,Transfer
3493,30737,9873.62,2023-03-24,Transfer
8364,46239,4142.12,2016-08-18,Transfer
8961,26362,2080.39,2018-04-30,Withdrawal
5289,54896,9507.96,2022-01-16,Transfer
8935,24156,9712.5,2022-12-16,Withdrawal
5764,50561,7389.13,2019-07-12,Withdrawal
7509,35092,8953.4,2016-11-22,Transfer
9516,62947,8486.44,2017-05-03,Withdrawal
1219,69718,9953.96,2019-08-08,Deposit
3964,44534,2182.07,2015-05-01,Deposit
2690,50981,3484.08,2015-08-13,Transfer
1678,59159,7795.53,2021-06-05,Withdrawal
4253,48350,7090.68,2016-10-01,Withdrawal
9598,66229,4133.17,2017-01-30,Deposit
6575,61744,1133.7,2018-11-30,Transfer
8243,71232,4186.71,2016-12-15,Transfer
9746,93776,8694.18,2022-05-23,Deposit
2583,65918,7386.94,2017-07-16,Transfer
3128,27929,8573.48,2020-02-26,Deposit
8831,17024,5738.39,2016-05-25,Transfer
5463,37820,9058.25,2020-01-21,Transfer
7878,66249,1664.55,2020-12-23,Transfer
4413,16659,4072.52,2016-01-13,Transfer
9275,84304,3803.14,2020-01-16,Withdrawal
5344,38575,2620.09,2016-03-01,Deposit
6196,51246,8844.37,2022-01-20,Transfer
2230,15271,2607.41,2022-12-25,Withdrawal
9501,91781,2749.05,2020-10-25,Transfer
2854,93977,3572.98,2022-09-07,Withdrawal
1581,90470,2795.14,2014-07-30,Deposit
5142,11146,5306.97,2014-02-14,Transfer
9438,96686,9995.65,2018-07-27,Transfer
1727,49223,6876.05,2023-07-23,Deposit
1280,83541,2805.05,2022-12-10,Transfer
2260,73161,5863.56,2022-01-12,Deposit
7670,47748,4577.17,2018-12-01,Deposit
4732,61795,4285.1,2017-09-29,Deposit
2065,22876,1493.59,2013-12-26,Withdrawal
8895,44465,2006.37,2016-11-21,Withdrawal
4333,27186,3201.38,2016-09-28,Transfer
3127,94864,8569.04,2017-06-22,Transfer
9385,31441,7304.25,2019-05-31,Deposit
4831,22884,9313.69,2014-11-13,Withdrawal
5828,13123,1529.09,2022-03-10,Withdrawal
8595,65274,8566.62,2019-03-24,Withdrawal
8416,85120,7444.12,2018-01-24,Deposit
4474,56180,3125.9,2018-10-30,Transfer
1154,79134,4746.46,2023-10-01,Transfer
2382,76676,4926.64,2017-09-07,Deposit
4723,72983,4966.17,2023-08-20,Withdrawal
6159,76989,9023.09,2016-10-25,Deposit
9715,31274,6937.03,2018-02-16,Deposit
7415,15152,5036.69,2021-01-21,Deposit
8560,80125,2356.6,2023-08-26,Withdrawal
9600,48132,6548.21,2017-04-14,Transfer
7076,85278,5093.55,2022-01-28,Withdrawal
5186,46101,7838.31,2017-12-09,Withdrawal
3719,13400,2952.37,2015-04-14,Transfer
8999,39907,5091.74,2017-04-20,Deposit
6168,96141,3300.54,2019-11-30,Withdrawal
5279,95623,8753.05,2022-07-17,Transfer
1243,78111,7611.97,2018-06-01,Withdrawal
5976,99113,8584.65,2023-04-24,Transfer
1713,75879,3315.86,2022-01-22,Deposit
1476,23408,9571.43,2018-12-15,Withdrawal
2213,43222,3206.58,2014-09-24,Withdrawal
1297,98038,7195.92,2018-04-17,Deposit
1653,78804,2339.82,2021-01-18,Transfer
6652,60416,6667.36,2013-11-18,Deposit
7778,51488,7911.2,2020-07-23,Transfer
6909,80280,8186.69,2013-11-13,Transfer
2638,41804,9931.45,2015-05-02,Deposit
1465,13432,9181.49,2020-05-15,Withdrawal
1958,10963,9153.47,2020-11-29,Withdrawal
7037,72169,5208.06,2016-03-09,Deposit
7481,61227,4233.16,2020-12-04,Deposit
9226,46164,8626.78,2015-09-11,Transfer
5230,57748,6110.95,2020-10-17,Deposit
7218,63985,2419.68,2022-02-02,Deposit
1894,61577,6923.88,2015-08-11,Deposit
7196,90476,4617.45,2020-05-24,Transfer
1872,73375,5575.65,2021-10-01,Deposit
6255,62338,9466.42,2022-09-22,Deposit
7775,96201,1566.08,2021-12-14,Deposit
5310,92536,8167.49,2020-07-16,Deposit
7454,82544,8729.37,2021-12-24,Deposit
3789,90376,3222.01,2014-10-12,Withdrawal
3101,45200,9494.44,2014-07-05,Withdrawal
4738,63802,9607.59,2016-02-08,Deposit
4728,45904,5119.11,2022-11-02,Transfer
5295,37078,8478.4,2017-06-27,Transfer
3148,30667,8264.16,2023-01-05,Deposit
5243,94756,8930.57,2020-12-30,Withdrawal
3823,22253,6704.48,2020-10-22,Withdrawal
1752,46877,4382.41,2020-07-14,Transfer
2233,57614,4655.49,2018-01-13,Withdrawal
9176,48539,3835.91,2021-06-16,Deposit
3533,13077,5036.49,2018-03-07,Withdrawal
7851,99186,8288.77,2019-10-26,Transfer
1064,38621,4394.33,2020-03-05,Deposit
4921,90007,3706.54,2019-10-13,Transfer
7160,61045,4375.46,2020-06-21,Transfer
8437,97710,9786.18,2023-10-23,Transfer
1169,97764,1140.3,2023-10-28,Withdrawal
6926,30854,1502.54,2018-09-29,Withdrawal
1113,55413,9698.86,2014-03-29,Withdrawal
1692,62153,3611.99,2022-10-20,Deposit
1833,33178,3515.8,2021-02-07,Deposit
7431,65685,3632.2,2015-09-07,Deposit
8695,18547,7810.37,2023-09-15,Deposit
4117,96730,1271.24,2014-01-08,Withdrawal
9616,20029,8892.4,2018-05-17,Deposit
4040,61556,5660.41,2018-10-13,Deposit
5935,41469,8264.6,2014-04-14,Withdrawal
1996,27714,1486.95,2019-01-08,Withdrawal
2770,88226,2274.83,2020-01-21,Transfer
3457,56222,1691.93,2014-01-08,Transfer
5003,71713,2516.24,2016-12-04,Withdrawal
3293,53680,9454.17,2019-09-09,Deposit
4172,22835,1762.04,2014-01-01,Deposit
2132,87828,8643.21,2015-06-25,Deposit
8630,48435,2734.63,2020-04-13,Transfer
9791,14866,1962.18,2019-03-20,Deposit
7710,84316,1936.2,2023-10-09,Deposit
7521,14814,9641.76,2022-11-14,Deposit
3990,50962,6627.59,2020-06-03,Deposit
7264,59958,7751.47,2014-01-02,Deposit
9657,80335,2656.4,2018-08-30,Deposit
2104,75547,1343.17,2017-11-26,Deposit
7363,77908,2269.19,2016-11-10,Withdrawal
9092,22525,9410.52,2019-11-02,Transfer
7830,61725,6015.03,2021-08-21,Deposit
3302,10098,1419.79,2015-07-20,Withdrawal
5160,55526,2946.64,2018-09-07,Withdrawal
6740,49823,6480.37,2017-09-03,Deposit
2341,41950,6902.02,2017-10-01,Withdrawal
2241,66387,4446.7,2019-04-26,Withdrawal
9732,43864,9568.4,2019-05-11,Deposit
1190,22281,1424.65,2020-06-14,Deposit
9448,35597,6807.52,2021-09-18,Deposit
5998,54054,2169.76,2016-07-26,Transfer
6999,62713,1291.77,2014-09-27,Transfer
9635,63649,9099.71,2022-01-03,Deposit
4072,26201,2932.76,2019-01-18,Transfer
1036,22933,6278.88,2015-11-23,Deposit
7383,87476,6274.49,2021-07-24,Deposit
1654,34516,6341.53,2014-09-23,Deposit
7120,30108,2309.65,2023-04-05,Deposit
2863,47152,8388.19,2023-06-09,Withdrawal
4289,92506,8455.04,2021-10-31,Transfer
3600,96830,3773.02,2020-11-19,Withdrawal
2597,91627,4731.13,2013-11-21,Deposit
8255,90549,3352.28,2019-11-10,Transfer
4897,56611,5232.69,2022-02-08,Transfer
7154,28900,1696.12,2023-08-01,Transfer
8533,43644,4702.84,2019-12-27,Withdrawal
1601,40831,4254.66,2017-05-22,Transfer
4824,90562,2509.9,2019-06-04,Withdrawal
5516,65033,6561.1,2017-09-01,Withdrawal
9584,74094,6966.75,2017-04-17,Deposit
3628,76830,2266.06,2019-11-28,Withdrawal
6669,95027,8545.21,2018-08-26,Deposit
1490,55314,1802.43,2014-03-26,Deposit
6044,94873,8444.72,2020-06-26,Deposit
1914,68855,2861.56,2016-10-01,Withdrawal
8766,88618,8647.2,2014-08-02,Withdrawal
8750,15817,1578.8,2022-12-03,Deposit
2133,55958,1768.79,2023-05-06,Transfer
6188,25498,4758.48,2017-04-22,Transfer
5176,74634,9463.23,2014-09-14,Withdrawal
7308,51788,8394.33,2014-07-13,Withdrawal
8572,69498,1123.18,2019-01-22,Transfer
9108,89952,9606.16,2014-06-23,Withdrawal
5951,98056,4901.34,2017-12-17,Deposit
6038,79850,6175.68,2015-11-06,Transfer
6729,95972,1091.35,2021-08-03,Withdrawal
7109,77079,2435.0,2022-07-14,Transfer
8216,49034,9768.25,2023-11-04,Deposit
9496,86691,2376.63,2023-06-18,Withdrawal
2968,76980,6518.44,2020-01-04,Deposit
9924,64445,7251.68,2015-09-13,Deposit
7995,66752,1643.65,2016-04-18,Deposit
9812,73033,3343.02,2016-04-05,Withdrawal
2792,63032,8136.46,2016-03-08,Transfer
9455,84672,9762.82,2014-02-08,Withdrawal
6358,18358,7419.9,2019-10-26,Deposit
2962,97443,6774.85,2015-02-11,Deposit
3530,35808,1748.12,2023-07-30,Transfer
5776,87050,4060.9,2023-08-07,Transfer
1798,95095,9561.44,2014-04-01,Transfer
2470,73569,3423.57,2021-01-22,Withdrawal
3319,37054,6503.69,2023-03-17,Deposit
4027,41269,6312.73,2014-04-23,Deposit
1928,91875,3672.54,2022-02-17,Deposit
9623,51630,9058.45,2022-10-29,Transfer
7794,10857,5782.67,2019-01-28,Deposit
8266,59921,5611.85,2014-06-20,Transfer
1375,82016,4843.05,2019-09-01,Transfer
6950,46063,3962.59,2016-06-24,Transfer
5804,60770,9698.21,2022-11-25,Deposit
4346,48969,9348.25,2014-11-05,Deposit
7342,77438,6180.16,2021-07-01,Deposit
5453,20386,6733.21,2014-07-09,Deposit
8184,42911,2525.32,2018-07-02,Withdrawal
5850,81164,9048.29,2017-05-20,Deposit
3910,41986,2938.79,2021-07-10,Transfer
1845,71676,5097.69,2022-02-16,Deposit
3687,82620,9848.56,2023-11-05,Withdrawal
5327,80356,4893.15,2017-04-18,Transfer
8633,87317,1801.39,2014-11-02,Transfer
2191,38115,3699.05,2022-07-23,Transfer
2823,42290,9083.67,2021-08-13,Deposit
9590,67904,6552.87,2022-03-01,Transfer
5026,90646,8855.79,2022-06-07,Deposit
5094,39883,2428.03,2017-01-05,Transfer
9559,45941,6528.45,2022-02-20,Deposit
9577,22452,6257.2,2018-03-02,Transfer
9196,51395,1629.52,2021-05-16,Withdrawal
7798,20103,6005.16,2021-07-29,Withdrawal
2290,78662,8004.87,2016-06-29,Deposit
2080,69426,6862.27,2017-06-01,Transfer
2685,95647,1563.34,2021-08-20,Withdrawal
2405,36329,2061.59,2017-08-11,Transfer
6522,25688,7761.28,2020-01-13,Withdrawal
8448,77938,4261.22,2016-10-11,Transfer
4966,60567,3231.55,2015-06-06,Withdrawal
8464,74393,7381.78,2017-08-01,Deposit
2452,96550,7881.58,2014-12-21,Transfer
4200,11703,2771.03,2015-04-02,Deposit
8745,22235,8945.74,2023-08-02,Transfer
6571,79588,9595.5,2016-10-09,Deposit
3841,42679,4117.69,2021-10-29,Withdrawal
4389,33257,5709.85,2015-09-03,Transfer
7123,49749,9416.14,2016-08-02,Withdrawal
6860,26577,7569.05,2020-01-02,Transfer
9214,63961,6666.19,2019-09-16,Transfer
8876,84146,6838.97,2018-07-01,Transfer
6796,87494,8548.02,2016-01-01,Withdrawal
8124,77252,8999.78,2017-08-26,Withdrawal
8646,59823,9424.32,2023-05-18,Deposit
7016,46706,3236.58,2019-03-09,Deposit
4864,52030,7419.02,2021-09-20,Deposit
6095,66899,4677.24,2013-12-29,Withdrawal
6208,29559,4612.31,2021-05-04,Withdrawal
3404,18692,8937.67,2022-05-09,Withdrawal
1265,89184,3310.7,2017-06-16,Transfer
8134,39149,6229.07,2018-02-03,Deposit
7023,92811,4287.06,2015-08-23,Transfer
3149,70931,8375.25,2022-04-22,Deposit
6852,78138,6954.51,2021-04-18,Withdrawal
7112,46376,1977.42,2017-10-03,Deposit
9745,18078,8559.23,2016-11-24,Withdrawal
3956,81572,3142.23,2016-05-05,Transfer
3239,43018,5337.67,2021-11-02,Deposit
3228,30683,9338.73,2017-09-26,Deposit
4372,36735,4442.4,2017-10-09,Transfer
7159,80605,9553.5,2019-05-12,Withdrawal
7411,67929,5385.64,2017-11-02,Withdrawal
6250,43639,8873.7,2014-08-14,Deposit
8977,60655,5014.06,2016-03-11,Transfer
2881,14380,7134.49,2022-06-27,Transfer
9755,67922,9528.82,2017-06-23,Transfer
5311,69888,2790.3,2020-06-16,Transfer
8130,63973,4370.53,2018-11-17,Deposit
4986,86597,6772.77,2021-11-19,Withdrawal
7886,73591,4890.17,2015-05-19,Withdrawal
8787,95264,4638.85,2019-01-03,Transfer
7860,23179,1326.2,2019-10-05,Deposit
2297,77700,3055.85,2023-09-27,Withdrawal
1151,88401,2395.1,2013-12-06,Withdrawal
5150,54420,7899.33,2016-06-29,Transfer
9039,97938,6277.92,2014-04-29,Deposit
8368,42045,4442.47,2020-01-31,Transfer
7964,24518,8988.4,2022-03-02,Withdrawal
5937,18669,3092.96,2016-11-07,Withdrawal
1668,67977,2614.01,2014-07-25,Withdrawal
1864,72263,2143.48,2019-03-21,Deposit
3384,37042,2255.88,2016-05-27,Transfer
1604,20035,3219.69,2020-01-09,Transfer
9495,90557,8742.56,2019-02-27,Withdrawal
8978,23790,5454.81,2017-04-27,Deposit
1704,89490,4901.99,2016-06-09,Withdrawal
5581,55138,9040.82,2014-06-13,Deposit
2271,37310,6863.37,2015-08-27,Transfer
7662,10149,3386.62,2017-03-22,Withdrawal
1874,63232,8273.84,2022-05-21,Deposit
2590,97119,9825.09,2015-07-13,Transfer
5114,60308,9559.56,2021-10-09,Withdrawal
9969,85933,5234.58,2015-08-11,Withdrawal
3076,76232,7237.76,2016-09-15,Deposit
1696,53910,1211.8,2022-02-18,Withdrawal
4165,49401,8149.17,2017-08-20,Deposit
5490,91776,9922.36,2022-05-19,Transfer
7446,53331,9610.08,2019-11-06,Withdrawal
5652,55563,7751.91,2015-11-15,Deposit
5085,31332,7357.68,2017-08-09,Transfer
8424,38147,9062.43,2018-04-26,Withdrawal
6650,60196,9799.78,2022-12-15,Transfer
8129,64519,9423.37,2016-03-13,Deposit
9087,17064,7457.34,2014-02-07,Transfer
5873,79122,9368.73,2022-10-01,Deposit
1228,85685,2967.89,2017-05-01,Withdrawal
8038,92043,5646.18,2017-02-24,Deposit
9513,98876,7031.8,2022-11-07,Transfer
5492,57599,9489.4,2023-09-18,Deposit
1449,87945,4551.69,2020-02-18,Withdrawal
2404,56606,3024.45,2017-03-09,Deposit
1076,31189,4303.64,2016-10-19,Withdrawal
6510,62195,8787.12,2016-01-14,Transfer
1708,37694,1434.86,2021-06-28,Transfer
8663,35885,6043.05,2017-09-12,Transfer
5110,69987,8469.92,2020-08-24,Deposit
8043,68336,2261.62,2016-12-01,Deposit
5182,37414,1285.17,2020-12-18,Transfer
9842,88972,9289.72,2014-01-24,Deposit
4651,67168,9338.19,2017-10-24,Deposit
5144,80855,8201.92,2021-08-02,Withdrawal
6075,46576,3983.41,2017-03-28,Withdrawal
1107,29380,1875.59,2016-08-13,Transfer
7512,41207,8745.82,2017-07-14,Withdrawal
4992,76005,9288.79,2014-09-21,Transfer
1532,18521,7504.4,2014-12-10,Deposit
9432,98954,9609.52,2023-04-25,Withdrawal
8310,61612,2240.16,2013-12-25,Deposit
1554,86446,2690.25,2018-01-15,Transfer
4390,53579,3598.26,2022-05-23,Deposit
2388,23955,8790.31,2023-05-31,Transfer
3003,79775,7928.04,2021-01-05,Deposit
4571,25264,6617.13,2018-09-13,Deposit
1810,72335,4099.4,2022-05-25,Transfer
5067,36563,3508.29,2019-08-19,Transfer
7083,92647,6064.35,2023-09-18,Withdrawal
4594,76136,6440.93,2014-07-22,Withdrawal
3282,10816,6673.56,2023-06-30,Deposit
5183,70236,3290.52,2017-07-08,Withdrawal
4895,63772,8748.0,2020-12-12,Withdrawal
4249,41845,9429.59,2021-11-01,Deposit
1776,65549,7209.11,2022-01-08,Withdrawal
5818,18665,9514.96,2022-05-15,Withdrawal
6257,53765,5557.27,2014-12-25,Withdrawal
1629,27344,7006.21,2021-07-15,Withdrawal
8334,85485,5101.16,2020-03-23,Transfer
8979,40336,7220.64,2023-06-24,Transfer
1749,43173,2966.41,2017-12-14,Transfer
5256,27126,2881.45,2017-12-17,Withdrawal
5359,84581,2404.94,2023-07-08,Withdrawal
2838,48303,7379.13,2015-04-20,Transfer
5396,94641,5166.15,2018-02-07,Deposit
3955,61972,8987.9,2019-05-04,Deposit
4452,84143,5866.22,2019-12-17,Deposit
9493,11554,2309.32,2022-12-25,Deposit
9818,32246,9352.48,2022-10-17,Withdrawal
3850,27281,9126.36,2015-06-01,Deposit
1751,54338,1114.85,2023-05-12,Withdrawal
1955,24137,4216.36,2022-07-07,Withdrawal
4223,83457,2792.83,2016-09-22,Deposit
7175,14809,7445.83,2016-06-09,Deposit
1483,90257,6164.12,2023-09-28,Withdrawal
3317,94476,8921.09,2022-01-05,Transfer
9227,85515,3109.71,2016-07-02,Deposit
8200,41470,9382.96,2015-10-15,Transfer
5120,85014,8581.88,2018-12-25,Withdrawal
2587,52376,2754.22,2020-03-19,Transfer
1193,45798,8987.75,2023-07-02,Transfer
9042,13232,5083.91,2022-02-02,Withdrawal
6489,45745,3446.45,2023-09-06,Transfer
4786,87757,3151.81,2014-12-02,Deposit
3765,61595,2305.2,2017-12-01,Withdrawal
7268,67975,3986.18,2016-08-30,Transfer
8478,82929,4969.5,2019-11-23,Deposit
6735,12723,8113.7,2020-09-12,Transfer
4652,99078,6600.57,2015-05-30,Withdrawal
9363,58794,6260.43,2021-11-29,Deposit
4572,75650,9626.15,2023-08-14,Withdrawal
2500,78016,7410.68,2016-09-13,Transfer
2029,73904,3062.95,2014-05-21,Deposit
6664,16592,1854.11,2016-11-04,Withdrawal
7927,35379,8389.73,2019-12-09,Withdrawal
6680,87133,7862.82,2021-09-26,Deposit
5788,10290,8476.29,2015-02-14,Withdrawal
3965,93587,6067.02,2021-05-17,Transfer
9807,89777,7946.8,2020-01-28,Transfer
2289,65974,1380.17,2020-07-05,Transfer
4887,95767,2485.64,2023-07-01,Withdrawal
8800,86860,7929.84,2021-01-15,Transfer
2039,19788,3470.24,2020-10-05,Transfer
3365,44819,8832.79,2019-11-28,Transfer
9757,78420,7813.79,2020-09-29,Transfer
6045,22677,7365.7,2014-03-04,Withdrawal
9668,92269,9577.14,2023-09-02,Withdrawal
6092,94108,8457.71,2020-05-06,Deposit
5795,73564,9619.78,2016-12-14,Withdrawal
8322,85681,6853.73,2022-08-06,Transfer
9471,41868,5165.68,2013-11-25,Deposit
3018,52089,6563.13,2022-06-26,Transfer
3978,74406,1020.6,2016-04-30,Transfer
2495,30372,9930.36,2022-05-22,Transfer
5518,36913,3348.67,2016-04-19,Withdrawal
9315,85390,3697.41,2021-09-10,Withdrawal
9016,33014,3632.17,2021-03-15,Deposit
2893,61939,3890.87,2018-04-11,Withdrawal
4815,65465,5781.85,2015-04-01,Deposit
4300,64396,3382.56,2014-04-28,Withdrawal
7441,92838,8408.85,2017-07-14,Deposit
4925,37400,2512.91,2016-04-02,Transfer
3728,26871,2590.46,2020-05-07,Deposit
3104,51557,4465.01,2022-11-16,Withdrawal
4502,87949,7743.6,2019-05-30,Transfer
9407,42979,6498.0,2021-01-09,Transfer
9735,31966,6466.31,2021-12-03,Withdrawal
8694,58483,5065.31,2021-02-18,Transfer
6316,19525,3573.46,2014-01-31,Deposit
4579,86225,7078.41,2017-02-27,Deposit
3343,76505,3022.2,2016-11-30,Transfer
7496,33019,1288.29,2015-02-28,Transfer
1682,63071,4471.78,2021-11-15,Transfer
7360,55584,8017.26,2021-10-03,Withdrawal
3155,22348,1987.36,2021-09-19,Deposit
3233,70664,4193.45,2018-01-09,Transfer
2861,54606,6329.99,2021-09-14,Deposit
7277,29883,6200.16,2018-01-08,Withdrawal
4488,97894,2347.69,2023-08-06,Withdrawal
9672,44607,1967.49,2020-02-15,Deposit
7180,67894,8561.79,2020-09-22,Withdrawal
6826,56479,4369.14,2022-11-02,Withdrawal
7421,89650,7511.81,2021-11-05,Withdrawal
1086,45813,3103.48,2015-05-18,Deposit
3070,46650,1815.04,2022-01-04,Deposit
7866,55114,1848.25,2013-12-09,Withdrawal
8818,96539,5551.16,2023-03-06,Withdrawal
3142,91690,7822.79,2017-07-15,Withdrawal
9161,15242,9372.93,2021-03-05,Transfer
9369,58938,2550.07,2017-09-03,Withdrawal
8355,79543,8842.13,2019-08-06,Deposit
4539,86504,3602.86,2023-06-13,Transfer
9903,86561,1060.43,2015-03-21,Transfer
4463,11429,6368.41,2021-11-08,Withdrawal
1203,55186,9885.62,2021-06-30,Deposit
6064,67961,7155.98,2016-12-03,Deposit
9498,81822,6491.6,2020-05-23,Transfer
4053,13253,7231.05,2020-12-09,Transfer
9004,71780,9936.64,2017-05-17,Deposit
8834,86011,4506.92,2021-06-21,Withdrawal
1766,16851,6231.68,2019-06-01,Deposit
9414,51956,6261.83,2020-10-22,Withdrawal
2802,89188,7598.11,2021-12-05,Withdrawal
4295,31789,6506.99,2015-06-26,Transfer
9169,83696,7642.6,2015-01-26,Deposit
9955,74352,6210.22,2015-03-20,Deposit
9459,10365,5653.58,2018-06-25,Withdrawal
4447,82658,1501.52,2023-09-20,Withdrawal
3704,29848,2944.1,2023-05-08,Withdrawal
2736,30401,9660.97,2017-06-03,Deposit
8000,95042,5007.1,2017-04-14,Transfer
1281,93490,1806.42,2017-09-11,Deposit
4775,99147,3516.66,2014-01-24,Deposit
7075,99253,2180.56,2023-03-28,Transfer
7919,42321,4333.0,2016-06-21,Deposit
4800,97498,7358.42,2020-01-26,Withdrawal
5217,38096,9467.86,2019-03-05,Transfer
7162,24907,4778.0,2021-09-05,Withdrawal
7657,77504,9410.38,2017-07-03,Transfer
2343,90147,6058.48,2013-12-05,Withdrawal
2788,74167,2464.45,2017-10-03,Withdrawal
1312,30237,3525.76,2014-04-17,Deposit
3161,11143,9055.41,2015-08-04,Deposit
1428,82363,1729.82,2013-12-13,Transfer
7465,62308,7148.1,2015-10-12,Deposit
2834,87771,1083.5,2015-10-16,Deposit
9305,33831,9899.5,2022-06-13,Withdrawal
9050,62672,4318.76,2023-07-18,Withdrawal
4588,65855,9124.25,2016-10-12,Transfer
8190,52747,8227.9,2017-04-01,Withdrawal
9789,17631,7226.84,2017-07-16,Withdrawal
1032,45206,5398.55,2014-03-31,Transfer
8542,77026,4716.83,2016-03-08,Deposit
9244,64950,8494.45,2017-12-15,Transfer
7827,17836,8013.3,2020-07-23,Withdrawal
4002,91284,1374.9,2014-04-02,Withdrawal
6651,38704,7905.57,2019-03-10,Deposit
9943,13607,7382.84,2015-05-17,Transfer
9048,26997,3595.99,2021-03-05,Deposit
1096,66098,5472.31,2016-06-27,Transfer
2282,39757,1530.2,2015-12-20,Deposit
7797,62517,9378.31,2017-06-22,Transfer
7634,79622,3298.35,2022-12-16,Withdrawal
7937,66461,2352.94,2021-03-30,Deposit
6355,29450,3803.7,2017-08-03,Transfer
2192,67617,7338.55,2015-04-29,Withdrawal
6449,17326,1107.09,2021-04-15,Transfer
8816,25836,5948.93,2020-12-26,Transfer
2536,25371,7180.01,2019-11-27,Transfer
6553,74031,1223.68,2022-10-05,Withdrawal
7522,76285,6781.22,2020-09-07,Withdrawal
9863,61962,6177.33,2017-09-16,Deposit
4566,79628,2197.86,2016-09-01,Deposit
2227,12282,5955.02,2018-11-01,Transfer
5833,17820,6291.34,2015-12-29,Transfer
1529,24021,3102.75,2018-08-07,Transfer
2490,23933,3620.8,2019-12-27,Deposit
8653,81453,6744.2,2023-06-13,Transfer
3199,68619,8743.1,2019-12-29,Transfer
7944,14330,3337.47,2019-12-16,Transfer
7803,84646,4254.88,2018-08-08,Transfer
5632,80600,4826.59,2023-02-21,Withdrawal
7314,87699,9106.49,2021-04-26,Withdrawal
6041,23011,7823.09,2017-10-15,Withdrawal
7548,28470,3386.93,2019-06-26,Withdrawal
4106,86685,3509.2,2022-10-06,Withdrawal
6770,50691,2677.25,2016-08-04,Transfer
3207,35314,9287.41,2023-02-12,Transfer
2654,61666,5973.96,2015-07-29,Deposit
5092,55971,6156.0,2018-09-07,Withdrawal
8456,23295,7094.45,2017-04-22,Deposit
3499,75609,4202.7,2019-11-06,Deposit
6731,26449,2323.61,2014-11-29,Deposit
3926,66073,2616.79,2022-09-29,Transfer
8390,19585,1512.68,2020-12-27,Transfer
6030,22335,2179.32,2017-11-24,Withdrawal
6229,44377,9800.23,2017-11-06,Transfer
5616,81731,4107.86,2021-05-26,Transfer
4605,51208,5327.75,2016-04-19,Deposit
6982,42370,8787.43,2020-06-30,Deposit
4441,73120,7539.37,2019-06-16,Withdrawal
1889,25880,2475.61,2016-01-02,Transfer
2174,52013,6590.97,2016-12-03,Deposit
7053,24154,9397.89,2023-05-29,Deposit
2148,56950,8140.67,2016-04-13,Withdrawal
4380,39237,2743.99,2017-10-18,Transfer
5205,16298,3288.33,2015-05-25,Transfer
4739,77477,3154.87,2018-05-14,Withdrawal
7202,14434,6375.26,2017-07-22,Withdrawal
1956,22651,7825.29,2018-09-25,Deposit
5740,82255,4048.35,2020-10-12,Deposit
5549,34593,3062.45,2018-10-23,Withdrawal
8761,29915,5666.93,2021-09-13,Withdrawal
1865,91299,2378.11,2018-10-13,Deposit
7667,75420,5108.39,2017-10-09,Withdrawal
1773,58429,4222.45,2017-07-21,Deposit
7967,98006,8344.56,2021-07-19,Deposit
6280,34719,8225.37,2015-02-06,Deposit
1264,27942,8657.32,2016-10-12,Transfer
2235,93766,1238.0,2014-09-18,Withdrawal
3466,32506,4044.82,2017-06-17,Withdrawal
7753,16581,8393.1,2015-03-03,Transfer
8601,55535,2301.14,2016-07-19,Withdrawal
7245,49583,8435.86,2022-01-17,Deposit
6851,44437,2037.29,2019-08-03,Deposit
8398,63990,5697.89,2023-09-05,Withdrawal
3269,82189,9071.83,2020-05-18,Transfer
1149,37024,5481.18,2021-05-20,Deposit
7267,96693,5301.26,2014-07-18,Deposit
3751,42944,8412.46,2017-04-01,Transfer
5352,60577,4364.75,2020-12-14,Transfer
7041,28789,3222.83,2015-03-25,Deposit
5421,46373,4845.34,2023-01-01,Withdrawal
9440,18782,2213.45,2021-05-24,Deposit
7771,15753,8583.51,2023-03-09,Withdrawal
6113,12832,1406.03,2018-04-17,Deposit
7373,48483,2760.82,2016-03-28,Transfer
8375,65970,4170.19,2022-06-02,Transfer
6597,46427,2323.99,2018-10-24,Deposit
6018,31751,5114.7,2017-07-13,Withdrawal
7038,53446,4553.04,2022-12-13,Deposit
6079,41654,7717.74,2015-08-14,Deposit
9079,65284,7366.27,2017-08-28,Deposit
7276,76019,7012.37,2021-08-07,Transfer
8637,51690,5698.98,2015-06-19,Withdrawal
8102,67552,6514.28,2015-06-02,Transfer
7616,89869,5464.66,2023-01-25,Deposit
1014,93130,7545.37,2018-09-29,Withdrawal
6838,14951,2878.79,2016-12-14,Deposit
3933,39918,8759.78,2020-08-22,Withdrawal
2032,77456,1425.2,2017-05-21,Withdrawal
7863,82747,2088.08,2016-10-21,Withdrawal
7113,18307,6365.84,2015-08-05,Transfer
7228,66560,6568.9,2020-09-26,Transfer
6070,79115,9459.69,2023-08-25,Transfer
5472,82907,3602.67,2022-09-01,Transfer
1963,34987,9489.39,2014-07-15,Withdrawal
3054,88719,8951.31,2021-11-24,Deposit
9946,80678,1103.12,2013-12-09,Deposit
4827,30832,8664.77,2023-03-06,Transfer
7416,59157,4386.93,2021-01-13,Transfer
7973,92343,6915.07,2017-05-15,Deposit
8748,41565,4846.87,2020-02-05,Transfer
9474,29263,9575.31,2015-02-14,Withdrawal
1939,64694,1298.82,2015-07-21,Deposit
1365,61463,5495.6,2013-12-17,Transfer
3437,52708,9626.2,2017-10-28,Deposit
1846,88830,8021.03,2023-04-19,Transfer
4101,17216,2420.21,2017-10-17,Deposit
9729,98847,8320.34,2020-12-16,Deposit
4039,10950,7156.15,2018-08-30,Withdrawal
4725,28518,2428.02,2023-06-12,Transfer
4643,59379,8557.29,2015-02-21,Deposit
5660,83331,8157.49,2016-01-13,Transfer
9473,71822,4362.32,2022-10-01,Transfer
6432,47934,1547.02,2018-03-08,Deposit
5475,21202,9911.73,2014-11-29,Transfer
5038,31989,8185.79,2023-09-29,Deposit
3861,60839,6775.59,2016-12-09,Transfer
4281,23328,7236.67,2014-09-08,Deposit
7246,16422,6363.27,2014-05-22,Withdrawal
4898,24403,9519.64,2017-11-26,Deposit
1553,18134,8851.67,2023-06-17,Deposit
5931,66135,8092.9,2021-03-23,Deposit
7151,56662,1331.95,2016-04-17,Withdrawal
4047,41946,3345.51,2023-03-03,Withdrawal
4448,49921,9362.21,2021-08-05,Transfer
5337,68514,4016.66,2022-11-03,Transfer
7229,97758,8052.67,2016-05-18,Transfer
7739,94081,9385.67,2022-03-08,Transfer
8359,71942,5000.22,2019-12-29,Withdrawal
2575,88788,5797.86,2022-06-27,Withdrawal
2975,63167,6073.89,2016-07-22,Transfer
4581,32100,6227.7,2023-01-12,Withdrawal
2518,24873,2053.34,2014-01-06,Deposit
2310,67981,7790.51,2023-04-08,Deposit
3966,24802,1768.49,2016-11-01,Deposit
4708,46041,6158.91,2019-11-16,Transfer
5329,49970,7828.17,2021-04-29,Transfer
5601,66780,1152.94,2014-03-29,Transfer
5730,62641,3870.82,2020-05-05,Withdrawal
9028,76049,9810.87,2022-07-08,Withdrawal
3491,10733,3351.34,2023-09-14,Transfer
6039,27486,2796.83,2014-10-07,Transfer
8953,28337,6523.56,2016-10-22,Deposit
1009,16223,2972.47,2019-08-23,Transfer
6637,95039,3153.93,2015-02-26,Withdrawal
9255,44310,6595.12,2014-08-17,Withdrawal
4694,34869,1499.55,2019-02-16,Transfer
2776,14599,2713.48,2018-06-19,Transfer
7678,66992,5594.36,2023-02-22,Deposit
2857,64794,6133.38,2019-03-09,Transfer
4858,89468,7868.81,2016-07-08,Withdrawal
7000,45235,8573.79,2020-07-09,Deposit
6914,24817,8152.6,2023-09-23,Withdrawal
2820,46579,5214.57,2022-03-24,Transfer
9611,17213,3092.58,2021-12-07,Withdrawal
1214,56573,7957.14,2014-08-17,Transfer
3547,26801,7758.8,2015-09-29,Transfer
8666,21420,3896.93,2021-01-30,Transfer
8962,50255,3511.33,2022-05-23,Withdrawal
9522,17685,9255.61,2014-09-25,Deposit
1624,36166,9743.87,2016-03-19,Withdrawal
8591,20657,5972.02,2023-11-10,Deposit
1781,33260,8726.47,2019-04-29,Deposit
8296,85139,4706.26,2019-04-18,Deposit
7168,84228,3789.35,2017-07-26,Deposit
2406,90763,2417.36,2015-02-20,Transfer
9316,13285,8528.91,2018-10-12,Withdrawal
2062,10100,2203.39,2022-08-13,Transfer
9313,30487,9719.42,2020-02-27,Withdrawal
9011,59782,9615.79,2019-06-23,Deposit
9261,23142,1111.63,2019-12-14,Transfer
1927,44185,4605.52,2017-11-12,Withdrawal
9314,22159,4061.22,2018-10-09,Withdrawal
3648,29943,3370.02,2014-06-13,Deposit
8297,88995,4411.36,2021-03-24,Transfer
1407,26506,3538.88,2021-11-25,Deposit
6589,86869,9360.57,2013-12-27,Deposit
6890,75430,6022.17,2019-09-17,Withdrawal
8826,45407,7046.62,2014-03-13,Transfer
6286,63138,8242.54,2014-02-14,Transfer
8806,90910,2639.3,2020-01-31,Transfer
6312,73562,3705.11,2018-01-13,Withdrawal
6763,47487,9092.75,2017-04-12,Transfer
2545,43214,6891.9,2022-11-02,Transfer
6625,43410,9477.02,2020-06-24,Transfer
5787,24235,5706.35,2017-12-09,Withdrawal
6248,40426,3215.73,2023-06-08,Withdrawal
4816,50830,7141.95,2020-10-11,Deposit
9523,34645,2771.41,2023-03-03,Withdrawal
4152,30165,8784.7,2019-08-06,Withdrawal
4078,95744,5401.41,2022-11-14,Withdrawal
8662,87766,7072.6,2020-10-08,Transfer
1279,24563,1161.92,2013-11-28,Withdrawal
7315,65126,8704.73,2017-04-30,Transfer
9915,31871,1506.37,2018-08-07,Deposit
4332,52031,2709.83,2019-03-28,Deposit
1391,62579,8937.97,2016-01-06,Transfer
3019,22424,8487.83,2019-04-13,Withdrawal
4145,69093,7715.92,2014-02-10,Transfer
2428,21749,1538.65,2020-09-03,Deposit
2251,14408,9709.25,2021-05-07,Deposit
5527,61280,4762.83,2015-05-17,Deposit
8618,41379,2207.03,2016-09-16,Withdrawal
2396,39553,1016.57,2017-03-06,Transfer
7872,79847,9322.61,2014-06-29,Deposit
5608,11178,8044.4,2018-03-14,Withdrawal
6232,37033,6648.92,2018-08-20,Withdrawal
6014,91716,1796.61,2021-09-18,Deposit
8329,75559,2916.53,2017-04-12,Deposit
2265,91100,1041.58,2020-01-14,Deposit
5033,40654,2765.5,2022-11-28,Deposit
1108,66244,3802.78,2021-10-07,Deposit
2609,54981,1935.75,2014-05-13,Withdrawal
4561,62313,2538.43,2015-01-30,Deposit
3389,45278,4773.94,2023-02-23,Transfer
2625,72713,6353.24,2017-12-16,Withdrawal
3738,65957,4231.99,2021-03-10,Withdrawal
6309,30361,1574.46,2019-10-06,Deposit
6318,81779,8349.95,2014-07-06,Withdrawal
4043,27971,8325.26,2017-05-28,Withdrawal
8990,39319,6382.61,2016-08-07,Deposit
2046,36952,7983.74,2017-07-28,Withdrawal
9307,66303,6163.88,2021-03-11,Transfer
2261,13452,1009.58,2022-09-16,Deposit
6036,39855,4113.15,2019-11-07,Transfer
2345,88665,5422.23,2018-02-08,Deposit
4961,36422,5547.99,2022-01-27,Transfer
3594,49748,3254.3,2018-12-09,Transfer
9375,84554,2778.49,2014-11-03,Withdrawal
6174,57290,2714.85,2016-09-08,Deposit
7126,91989,4135.43,2023-01-16,Withdrawal
7255,42793,3964.38,2019-03-12,Withdrawal
1461,58654,8424.01,2015-06-20,Transfer
9277,70688,3519.11,2023-06-03,Withdrawal
1755,85282,3558.21,2022-07-27,Deposit
8984,86760,5176.94,2022-03-23,Withdrawal
5365,80029,3430.53,2017-10-22,Transfer
9148,39664,9839.6,2020-10-13,Deposit
1535,68541,9474.14,2023-06-08,Transfer
2548,28770,7255.9,2015-08-19,Transfer
6908,93245,5629.52,2018-04-21,Withdrawal
9096,31771,9789.52,2022-08-01,Deposit
3369,84673,5743.65,2023-05-19,Deposit
9353,22201,1861.76,2021-12-13,Withdrawal
5720,69628,6096.01,2014-07-15,Withdrawal
7768,42487,7700.71,2021-08-06,Transfer
3849,77389,8786.88,2020-06-28,Transfer
2073,50449,7145.38,2016-10-17,Deposit
6010,16207,5320.72,2022-05-29,Deposit
9164,23456,1754.24,2014-05-22,Deposit
2306,80308,1635.34,2019-12-31,Deposit
7650,74522,2619.63,2018-06-14,Transfer
6523,44439,6363.83,2014-10-18,Withdrawal
3958,40080,1357.06,2018-08-27,Deposit
9212,81297,9758.24,2022-03-08,Deposit
7954,90314,2064.71,2017-06-10,Transfer
8605,55490,5987.92,2022-02-09,Transfer
6381,14463,2710.37,2013-11-11,Deposit
8993,17799,7448.52,2017-11-12,Deposit
4293,36072,4345.4,2014-09-27,Deposit
4971,12037,7794.48,2023-10-20,Deposit
6338,82835,9016.52,2022-03-06,Withdrawal
3771,64292,1376.46,2017-06-29,Withdrawal
2181,73990,5757.86,2020-04-02,Transfer
4268,30827,9507.76,2018-01-07,Deposit
9133,43462,8466.95,2015-03-01,Transfer
4206,66452,7878.31,2020-05-21,Transfer
2928,80150,7211.31,2020-03-06,Withdrawal
8850,28205,7366.5,2015-07-23,Deposit
3636,77923,9487.53,2019-06-17,Transfer
8260,95891,6804.7,2014-07-20,Withdrawal
6698,63665,1001.56,2015-02-07,Withdrawal
7108,72404,8386.12,2017-07-15,Transfer
6841,40381,7764.97,2023-09-08,Deposit
1555,79507,7837.15,2022-10-29,Deposit
9355,72871,7490.28,2018-08-31,Transfer
9334,81099,3402.31,2016-01-18,Withdrawal
5582,75622,3360.57,2016-12-22,Transfer
4444,18382,5025.62,2019-10-07,Transfer
7510,41208,9777.71,2019-11-16,Deposit
2184,72000,9305.33,2019-05-26,Deposit
9336,97308,1335.83,2015-12-17,Deposit
2374,87621,4265.87,2021-01-22,Withdrawal
4868,83751,9246.29,2015-05-01,Withdrawal
9358,70415,9496.67,2018-09-25,Transfer
7337,54720,6425.97,2014-01-30,Transfer
3373,30037,6709.99,2015-09-01,Withdrawal
1018,19158,8824.65,2017-05-17,Deposit
9222,52580,9482.51,2014-08-16,Withdrawal
1710,52247,5216.53,2022-04-11,Transfer
2016,65247,6840.37,2018-04-26,Deposit
5165,26743,3280.82,2017-08-19,Deposit
2850,27139,5087.87,2018-09-21,Deposit
9082,78380,7697.36,2023-10-03,Transfer
1780,21026,7694.78,2017-12-30,Transfer
1330,55444,1688.22,2018-11-14,Withdrawal
7377,40218,1503.46,2020-06-17,Deposit
7605,91866,5636.73,2022-04-27,Transfer
7845,21657,5426.58,2022-02-18,Deposit
2256,28379,8863.95,2019-04-28,Deposit
6350,26721,1574.33,2023-10-14,Deposit
9573,30154,3809.69,2019-05-05,Transfer
7080,84887,4616.8,2018-07-21,Transfer
5996,84515,3052.25,2019-02-09,Withdrawal
5123,76319,6619.16,2020-01-07,Transfer
8141,68819,9723.19,2023-01-04,Withdrawal
5963,84424,4274.51,2022-07-29,Deposit
9412,98032,6987.97,2019-06-12,Deposit
2711,82170,7130.89,2018-08-29,Transfer
4753,80765,3240.52,2023-03-19,Withdrawal
2351,93045,8570.68,2014-11-22,Withdrawal
8086,14266,2726.33,2022-11-03,Withdrawal
2542,81167,7034.36,2018-05-21,Deposit
1346,51651,7007.96,2020-05-07,Withdrawal
4500,37387,1210.61,2013-12-20,Transfer
3756,80118,2786.85,2015-11-27,Transfer
3468,47076,7680.79,2017-10-01,Transfer
3796,56507,7428.62,2022-01-23,Withdrawal
7210,68580,9967.44,2018-03-03,Withdrawal
6858,84751,6483.4,2017-03-21,Transfer
2876,36879,8743.74,2015-06-06,Deposit
2301,20599,6245.02,2019-05-17,Withdrawal
1160,92585,9991.23,2019-12-12,Deposit
4170,87568,8287.52,2019-06-27,Withdrawal
1039,80016,6031.09,2022-05-18,Deposit
3953,13907,9704.63,2015-04-19,Deposit
8851,66862,1139.79,2019-12-18,Deposit
1398,82022,4478.02,2018-02-28,Deposit
1973,31603,6934.88,2014-07-16,Deposit
3615,86338,8009.51,2015-11-04,Transfer
9194,29812,9224.52,2021-01-13,Withdrawal
2182,31367,6132.49,2019-03-27,Withdrawal
9080,20649,9291.02,2023-01-19,Withdrawal
3377,13029,9110.28,2014-05-29,Withdrawal
5012,88803,9271.85,2022-09-02,Withdrawal
1477,39689,7468.43,2022-03-07,Deposit
2958,37881,4330.43,2020-12-22,Transfer
9655,12847,7905.58,2014-06-21,Withdrawal
4320,75166,4714.54,2019-06-29,Transfer
2211,42536,2073.44,2018-05-03,Withdrawal
4781,22564,8153.73,2018-04-03,Withdrawal
2687,99024,3974.91,2020-01-06,Transfer
4493,14965,6967.04,2021-05-07,Deposit
4126,85550,7867.82,2015-07-22,Transfer
1002,65074,9723.5,2018-05-31,Transfer
7244,39135,9163.89,2021-08-15,Transfer
4451,60624,5101.94,2015-11-18,Deposit
2072,86187,9788.59,2016-04-19,Deposit
4457,22393,8032.04,2019-08-22,Withdrawal
9137,59321,8438.93,2018-10-05,Deposit
8042,91114,2259.07,2021-06-26,Transfer
3108,87666,4071.88,2019-12-07,Transfer
8746,65964,6641.43,2019-01-04,Transfer
6134,16531,1346.13,2020-08-28,Withdrawal
5531,90830,6999.01,2014-01-10,Withdrawal
4066,92898,4255.06,2014-07-14,Deposit
2157,21155,5747.42,2019-01-05,Deposit
1549,10915,4820.14,2014-03-15,Deposit
6623,54071,2192.14,2017-03-23,Withdrawal
3020,77777,6898.8,2015-09-25,Deposit
6545,44892,1341.35,2020-12-02,Withdrawal
7430,99756,2033.74,2016-08-04,Transfer
9781,90396,4757.79,2018-04-20,Deposit
6863,44554,3448.23,2023-08-14,Withdrawal
8983,68133,8392.52,2019-04-01,Deposit
6720,70727,8880.05,2022-12-17,Withdrawal
6750,29869,6358.15,2021-02-15,Withdrawal
2486,45945,4732.11,2017-07-20,Transfer
1132,39119,8121.71,2023-01-10,Transfer
9276,90942,2399.61,2021-12-11,Withdrawal
4850,64850,6008.29,2019-03-06,Deposit
7413,49591,9397.24,2019-07-12,Withdrawal
6547,74560,6589.53,2020-05-23,Transfer
3843,30319,3446.65,2017-03-26,Withdrawal
6951,68893,7071.26,2019-02-11,Withdrawal
7065,56960,7661.12,2014-06-16,Deposit
6179,29996,4004.2,2017-05-31,Transfer
9808,61098,7597.83,2015-04-28,Deposit
8075,46572,5348.2,2015-10-10,Deposit
3388,30309,3869.55,2021-05-20,Withdrawal
4000,59893,3656.15,2018-07-27,Withdrawal
5179,23199,1765.33,2018-07-18,Withdrawal
9418,32832,7925.76,2021-08-27,Deposit
9902,69847,1437.96,2021-09-29,Withdrawal
8331,52304,2263.21,2015-02-11,Withdrawal
7189,15408,6457.45,2014-05-31,Transfer
7395,13155,9782.98,2021-07-27,Withdrawal
7110,12893,8607.47,2020-12-07,Deposit
3586,90186,3647.51,2014-05-12,Withdrawal
8586,64717,6785.89,2022-07-07,Transfer
8195,28766,4676.2,2015-10-11,Transfer
1038,84174,7766.03,2016-02-16,Transfer
1432,82575,8930.47,2019-01-07,Transfer
3408,30167,3477.5,2018-04-25,Withdrawal
7442,45753,6752.59,2017-04-21,Deposit
7349,33875,7339.03,2017-08-04,Deposit
6995,70397,7203.59,2021-01-17,Withdrawal
2689,49071,5156.47,2015-06-03,Transfer
6658,55316,5665.79,2018-11-21,Transfer
6019,74354,6624.21,2023-03-07,Deposit
3576,60758,5812.17,2015-07-04,Withdrawal
7852,75876,6810.48,2019-09-28,Transfer
2506,39165,2412.72,2017-08-03,Transfer
2023,82885,9924.75,2017-03-05,Transfer
6639,34159,3837.89,2016-04-05,Withdrawal
4977,94827,9933.47,2021-08-25,Deposit
6071,84739,6382.39,2022-01-30,Transfer
8026,93281,4669.01,2021-01-26,Deposit
1622,18267,7255.48,2014-03-16,Transfer
7278,25572,1858.01,2019-05-29,Deposit
8709,60976,7000.83,2014-12-17,Withdrawal
3785,98193,2332.02,2018-03-05,Withdrawal
2573,51463,4703.47,2017-10-06,Transfer
4096,34655,6235.04,2021-02-18,Withdrawal
7208,29435,8766.43,2016-07-04,Transfer
7232,83327,2968.49,2017-01-31,Deposit
6866,90414,7250.73,2021-08-20,Transfer
2524,58740,8609.62,2020-10-09,Transfer
3166,25734,7086.75,2023-10-24,Deposit
8706,33385,6470.19,2023-07-25,Transfer
3332,16261,2240.84,2022-06-06,Deposit
5245,68629,7128.88,2023-07-24,Transfer
9546,65041,7160.84,2015-10-24,Withdrawal
8763,83777,3692.32,2016-02-13,Deposit
5600,42293,7000.83,2016-01-16,Deposit
2328,57953,9074.84,2023-01-14,Deposit
5772,46728,4222.51,2014-09-18,Deposit
8414,69979,5175.48,2019-07-27,Deposit
2347,42880,9905.03,2022-06-06,Transfer
7051,44395,2968.61,2019-02-23,Withdrawal
1754,28532,3807.57,2015-09-04,Deposit
8186,50293,4336.34,2016-05-01,Withdrawal
8849,87918,1054.85,2022-08-21,Withdrawal
8681,30735,7858.41,2019-09-29,Transfer
4110,71858,1309.06,2018-09-15,Deposit
5449,96035,7941.18,2021-07-04,Withdrawal
3996,75095,3355.24,2019-08-10,Transfer
3595,42100,3670.72,2019-04-01,Deposit
5800,55502,8681.85,2017-02-16,Transfer
6907,69558,1047.19,2018-10-30,Transfer
8565,84231,4454.05,2014-06-15,Deposit
1246,83738,9528.8,2019-08-21,Transfer
7318,79379,5330.96,2019-08-09,Withdrawal
3364,67173,3937.28,2017-09-10,Deposit
7462,85942,5193.64,2014-06-19,Deposit
6425,48985,2827.99,2021-06-06,Transfer
3534,70197,9376.14,2023-06-09,Deposit
1716,56309,1070.62,2015-09-24,Transfer
3876,93507,5206.21,2023-10-08,Deposit
6932,35653,2733.23,2016-03-05,Withdrawal
3718,31091,5054.32,2019-01-01,Deposit
2006,32341,2473.35,2020-05-07,Transfer
8861,65629,2689.16,2015-02-26,Withdrawal
5086,90775,9083.47,2021-09-11,Withdrawal
4912,21196,7934.48,2021-02-28,Deposit
2403,39352,9001.21,2014-08-30,Deposit
8269,23457,6718.24,2020-12-29,Deposit
1019,64964,9962.51,2021-07-20,Transfer
5459,59077,2673.85,2018-08-18,Transfer
3029,62955,1670.58,2016-04-27,Deposit
6222,44876,9311.27,2019-02-27,Withdrawal
1826,49714,1860.06,2014-06-21,Withdrawal
2621,54292,6833.84,2018-04-06,Withdrawal
6043,15734,9012.99,2018-05-02,Withdrawal
1210,72780,7904.67,2019-05-31,Withdrawal
5392,70052,7582.32,2023-10-23,Transfer
7647,28092,4098.67,2015-04-20,Deposit
2610,68282,8013.93,2018-02-09,Deposit
7767,23811,3695.74,2022-04-19,Withdrawal
7517,50545,9030.69,2017-04-05,Deposit
7575,47857,6106.03,2020-02-09,Withdrawal
8675,95936,1229.51,2016-06-27,Transfer
8062,17051,5973.59,2017-11-11,Transfer
2607,81749,7890.9,2021-12-25,Deposit
2383,97884,7320.62,2014-05-03,Withdrawal
4531,37067,6452.64,2021-08-31,Deposit
5208,10739,6117.34,2020-06-03,Deposit
